L1,L2,MS_SSIM,LPIPS,Max_Patch,Category,Label,Split,Filename
0.020267905667424202,0.0012390254996716976,0.8949768543243408,0.3603696823120117,0.06338638067245483,pill,0,Train,pill_001.png
0.020260006189346313,0.0012358948588371277,0.8975841999053955,0.37416571378707886,0.08226686716079712,pill,0,Train,pill_002.png
0.01998148486018181,0.001328557962551713,0.8883942365646362,0.36197900772094727,0.08442039787769318,pill,0,Train,pill_003.png
0.023335274308919907,0.0015061324229463935,0.8956381678581238,0.364302396774292,0.08343326300382614,pill,0,Train,pill_004.png
0.0201412420719862,0.0013227579183876514,0.8851427435874939,0.36463019251823425,0.07916685938835144,pill,0,Train,pill_005.png
0.020946910604834557,0.0014368960401043296,0.8921050429344177,0.3660784065723419,0.09807171672582626,pill,0,Train,pill_006.png
0.0205262191593647,0.0012402350548654795,0.8846790194511414,0.37254467606544495,0.05946437641978264,pill,0,Train,pill_007.png
0.020796488970518112,0.0012866444885730743,0.8896487951278687,0.37107059359550476,0.06441714614629745,pill,0,Train,pill_008.png
0.020350297912955284,0.0012956904247403145,0.8771948218345642,0.3691781759262085,0.0874486044049263,pill,0,Train,pill_009.png
0.02026662603020668,0.0012614859733730555,0.8796956539154053,0.3689691424369812,0.06048480048775673,pill,0,Train,pill_010.png
0.0222922470420599,0.001292734988965094,0.8874529600143433,0.370205819606781,0.059120964258909225,pill,0,Train,pill_011.png
0.020393256098031998,0.0012570619583129883,0.8948684930801392,0.36861729621887207,0.09703061729669571,pill,0,Train,pill_012.png
0.021794188767671585,0.0016239382093772292,0.8822714686393738,0.3740241825580597,0.08133130520582199,pill,0,Train,pill_013.png
0.02002868801355362,0.0011914771748706698,0.8834793567657471,0.3630659580230713,0.09176229685544968,pill,0,Train,pill_014.png
0.021573057398200035,0.0014339080080389977,0.876064658164978,0.3680661618709564,0.09910908341407776,pill,0,Train,pill_015.png
0.0216718390583992,0.001320298295468092,0.8909473419189453,0.3747202754020691,0.07036255300045013,pill,0,Train,pill_016.png
0.021843835711479187,0.001386356307193637,0.8800930976867676,0.36431166529655457,0.09330020099878311,pill,0,Train,pill_017.png
0.020519426092505455,0.0012696132762357593,0.8801553249359131,0.37628820538520813,0.08023516833782196,pill,0,Train,pill_018.png
0.020504657179117203,0.0013104244135320187,0.8835441470146179,0.37775397300720215,0.09341423958539963,pill,0,Train,pill_019.png
0.020116515457630157,0.0011526201851665974,0.8815202713012695,0.3663445711135864,0.08701816201210022,pill,0,Train,pill_020.png
0.021760016679763794,0.0013880947371944785,0.8901318907737732,0.36974287033081055,0.08036277443170547,pill,0,Train,pill_021.png
0.02187599241733551,0.0014507300220429897,0.8788150548934937,0.37520095705986023,0.06841447204351425,pill,0,Train,pill_022.png
0.020187383517622948,0.001202776562422514,0.8973112106323242,0.37997281551361084,0.07014783471822739,pill,0,Train,pill_023.png
0.020519506186246872,0.0012571397237479687,0.8823220729827881,0.37338051199913025,0.054969944059848785,pill,0,Train,pill_024.png
0.020799729973077774,0.0012506673811003566,0.889443576335907,0.372237890958786,0.06636099517345428,pill,0,Train,pill_025.png
0.020065877586603165,0.001264446065761149,0.8809534311294556,0.37116849422454834,0.09157389402389526,pill,0,Train,pill_026.png
0.021515600383281708,0.0014856909401714802,0.8848864436149597,0.36766764521598816,0.07355780899524689,pill,0,Train,pill_027.png
0.02107308618724346,0.0014124484732747078,0.8770923614501953,0.3686039447784424,0.08366730809211731,pill,0,Train,pill_028.png
0.01976979523897171,0.001303854282014072,0.8841859102249146,0.3697388172149658,0.07473968714475632,pill,0,Train,pill_029.png
0.0217515230178833,0.0012938897125422955,0.8806649446487427,0.3765091896057129,0.1027262881398201,pill,0,Train,pill_030.png
0.020502327010035515,0.0013142554089426994,0.8814976215362549,0.3729814291000366,0.0754036083817482,pill,0,Train,pill_031.png
0.019065922126173973,0.0011523053981363773,0.8961085677146912,0.36359816789627075,0.06063895672559738,pill,0,Train,pill_032.png
0.021755976602435112,0.0014254674315452576,0.8839213252067566,0.37166181206703186,0.08775526285171509,pill,0,Train,pill_033.png
0.02023950219154358,0.0012440057471394539,0.8890891075134277,0.3775483965873718,0.10039230436086655,pill,0,Train,pill_034.png
0.02031107246875763,0.0012756179785355926,0.8894972205162048,0.3776162266731262,0.08533573150634766,pill,0,Train,pill_035.png
0.020781949162483215,0.0013369619846343994,0.8916899561882019,0.36297407746315,0.09050595015287399,pill,0,Train,pill_036.png
0.02141508087515831,0.001312348060309887,0.8826806545257568,0.38176918029785156,0.06471554189920425,pill,0,Train,pill_037.png
0.021315744146704674,0.00130255869589746,0.895248532295227,0.36597543954849243,0.05965358763933182,pill,0,Train,pill_038.png
0.0204860121011734,0.0012179580517113209,0.8872145414352417,0.3750447630882263,0.06841091066598892,pill,0,Train,pill_039.png
0.020499689504504204,0.0012876359978690743,0.8902885317802429,0.36918842792510986,0.05877886340022087,pill,0,Train,pill_040.png
0.019117800518870354,0.0011156604159623384,0.8960397243499756,0.366163045167923,0.09663683921098709,pill,0,Train,pill_041.png
0.019349372014403343,0.0011904644779860973,0.8949324488639832,0.3707830309867859,0.06559307873249054,pill,0,Train,pill_042.png
0.019544605165719986,0.0012543092016130686,0.8821081519126892,0.3746572434902191,0.08822635561227798,pill,0,Train,pill_043.png
0.020483119413256645,0.0012553472770377994,0.8922566175460815,0.3734101951122284,0.07017231732606888,pill,0,Train,pill_044.png
0.021608367562294006,0.0014146924950182438,0.8867315053939819,0.3661390542984009,0.06136026978492737,pill,0,Train,pill_045.png
0.021066512912511826,0.0013622244587168097,0.8858441114425659,0.38382089138031006,0.07095814496278763,pill,0,Train,pill_046.png
0.019755808636546135,0.0012177404714748263,0.890641450881958,0.36781561374664307,0.09896644204854965,pill,0,Train,pill_047.png
0.021391432732343674,0.0013664171565324068,0.8772062659263611,0.37030893564224243,0.09271538257598877,pill,0,Train,pill_048.png
0.020283255726099014,0.001203047577291727,0.8895512819290161,0.37518513202667236,0.05810343474149704,pill,0,Train,pill_049.png
0.019284311681985855,0.00116194027941674,0.8965184688568115,0.3573857247829437,0.09444025903940201,pill,0,Train,pill_050.png
0.021403154358267784,0.0013869625981897116,0.8796120882034302,0.3663656711578369,0.07981319725513458,pill,0,Train,pill_051.png
0.020958255976438522,0.0013784071197733283,0.8866605758666992,0.3632725775241852,0.07879747450351715,pill,0,Train,pill_052.png
0.020758360624313354,0.0013767771888524294,0.878042459487915,0.37814682722091675,0.07538513094186783,pill,0,Train,pill_053.png
0.02172922156751156,0.0013937358744442463,0.8820203542709351,0.3697596788406372,0.062176164239645004,pill,0,Train,pill_054.png
0.019723471254110336,0.0011870681773871183,0.8861992359161377,0.36259183287620544,0.07814165204763412,pill,0,Train,pill_055.png
0.023494869470596313,0.0015708667924627662,0.8684306144714355,0.37593919038772583,0.06226912513375282,pill,0,Train,pill_056.png
0.02184419147670269,0.0014547184109687805,0.8757445216178894,0.381774365901947,0.07269362360239029,pill,0,Train,pill_057.png
0.020191112533211708,0.0012612603604793549,0.8830437660217285,0.3683474659919739,0.07679013907909393,pill,0,Train,pill_058.png
0.020138990134000778,0.0012559161987155676,0.8897256851196289,0.36957240104675293,0.0933133214712143,pill,0,Train,pill_059.png
0.01987595483660698,0.001186334528028965,0.8946666121482849,0.369839608669281,0.062368400394916534,pill,0,Train,pill_060.png
0.02098102867603302,0.0014049349119886756,0.8884707689285278,0.3694399297237396,0.07358025014400482,pill,0,Train,pill_061.png
0.020199110731482506,0.0012287097051739693,0.8919994235038757,0.3665916621685028,0.07860468327999115,pill,0,Train,pill_062.png
0.020808106288313866,0.0013067572144791484,0.8820580244064331,0.37829601764678955,0.07036519050598145,pill,0,Train,pill_063.png
0.02148832008242607,0.0013358531286939979,0.8789650201797485,0.37385451793670654,0.07146219164133072,pill,0,Train,pill_064.png
0.022671516984701157,0.0013564173132181168,0.881267249584198,0.36483466625213623,0.061390284448862076,pill,0,Train,pill_065.png
0.01986195705831051,0.0012448686175048351,0.8838541507720947,0.37348490953445435,0.06704918295145035,pill,0,Train,pill_066.png
0.021886684000492096,0.0013917781179770827,0.8799147009849548,0.3698006272315979,0.06763534992933273,pill,0,Train,pill_067.png
0.01935327611863613,0.0011681199539452791,0.892290472984314,0.36832189559936523,0.0771896094083786,pill,0,Train,pill_068.png
0.0204145684838295,0.0013181873364374042,0.8892577886581421,0.3738641142845154,0.07746279984712601,pill,0,Train,pill_069.png
0.019853215664625168,0.0011621112935245037,0.9020759463310242,0.3596285581588745,0.09625714272260666,pill,0,Train,pill_070.png
0.020568808540701866,0.0013179355300962925,0.8832668662071228,0.3727074861526489,0.08281707763671875,pill,0,Train,pill_071.png
0.019814325496554375,0.0011742983479052782,0.8914158344268799,0.3702329397201538,0.07675689458847046,pill,0,Train,pill_072.png
0.019844911992549896,0.0012421045685186982,0.8747090101242065,0.37710487842559814,0.09602135419845581,pill,0,Train,pill_073.png
0.02218789979815483,0.0013949321582913399,0.8790783286094666,0.3730461597442627,0.08637185394763947,pill,0,Train,pill_074.png
0.02136189490556717,0.0013533476740121841,0.8812465071678162,0.37348970770835876,0.09718761593103409,pill,0,Train,pill_075.png
0.02077241614460945,0.0012762080878019333,0.8769581317901611,0.37108930945396423,0.07977623492479324,pill,0,Train,pill_076.png
0.021946098655462265,0.0013880174374207854,0.8771376013755798,0.36992180347442627,0.08218654245138168,pill,0,Train,pill_077.png
0.02096615545451641,0.0013776704436168075,0.8756954073905945,0.37465789914131165,0.08434925228357315,pill,0,Train,pill_078.png
0.023343633860349655,0.0015431515639647841,0.8674147129058838,0.3848094344139099,0.0811132863163948,pill,0,Train,pill_079.png
0.0218487661331892,0.001278628478758037,0.8836472034454346,0.3788451850414276,0.08276818692684174,pill,0,Train,pill_080.png
0.018686361610889435,0.0010873982682824135,0.9014748334884644,0.36665141582489014,0.06577590107917786,pill,0,Train,pill_081.png
0.021075604483485222,0.0013512761797755957,0.8856699466705322,0.381966769695282,0.08803898096084595,pill,0,Train,pill_082.png
0.021544039249420166,0.001248575048521161,0.8897976875305176,0.36338552832603455,0.0777629166841507,pill,0,Train,pill_083.png
0.01979733072221279,0.0011826006229966879,0.8888131380081177,0.37153905630111694,0.09042410552501678,pill,0,Train,pill_084.png
0.02162633091211319,0.0013268403708934784,0.8753407001495361,0.38688552379608154,0.06296949833631516,pill,0,Train,pill_085.png
0.020172907039523125,0.0012373954523354769,0.8819879293441772,0.37687715888023376,0.07875994592905045,pill,0,Train,pill_086.png
0.020541127771139145,0.0012206423562020063,0.8879277110099792,0.3798317313194275,0.08126944303512573,pill,0,Train,pill_087.png
0.021275781095027924,0.0012809475883841515,0.8886680603027344,0.3796541094779968,0.06229562312364578,pill,0,Train,pill_088.png
0.020249415189027786,0.0012663945090025663,0.8902828693389893,0.360722154378891,0.07526858150959015,pill,0,Train,pill_089.png
0.02077415958046913,0.001243370003066957,0.8874422907829285,0.36919865012168884,0.07322142273187637,pill,0,Train,pill_090.png
0.021097270771861076,0.001337556168437004,0.8924940824508667,0.367755651473999,0.09233243018388748,pill,0,Train,pill_091.png
0.02144404873251915,0.0012862797593697906,0.8872856497764587,0.3708421587944031,0.06983188539743423,pill,0,Train,pill_092.png
0.019915921613574028,0.001234635477885604,0.8898131251335144,0.3687744736671448,0.06401373445987701,pill,0,Train,pill_093.png
0.01999143697321415,0.0011705986689776182,0.891749382019043,0.35883018374443054,0.06418372690677643,pill,0,Train,pill_094.png
0.019818883389234543,0.001204333151690662,0.8807405233383179,0.3625979423522949,0.0732259452342987,pill,0,Train,pill_095.png
0.01999674364924431,0.001194302341900766,0.8892244100570679,0.36246776580810547,0.07621601969003677,pill,0,Train,pill_096.png
0.02055557444691658,0.0012833825312554836,0.8826302289962769,0.3681985139846802,0.07710611820220947,pill,0,Train,pill_097.png
0.0210586991161108,0.0013663927093148232,0.8841707110404968,0.3644082546234131,0.06486478447914124,pill,0,Train,pill_098.png
0.020192086696624756,0.0012883777962997556,0.8899960517883301,0.370297908782959,0.08263185620307922,pill,0,Train,pill_099.png
0.01923385262489319,0.0011479044333100319,0.8893225193023682,0.36322876811027527,0.06114691123366356,pill,0,Train,pill_100.png
0.01954682171344757,0.00117672944907099,0.9026275873184204,0.3652831017971039,0.07433246821165085,pill,0,Train,pill_101.png
0.020127607509493828,0.0012357893865555525,0.9005166292190552,0.37051981687545776,0.09690617024898529,pill,0,Train,pill_102.png
0.020154954865574837,0.0012118006125092506,0.8858563303947449,0.38373878598213196,0.07285106182098389,pill,0,Train,pill_103.png
0.02050592750310898,0.0011810173746198416,0.8942317962646484,0.36798095703125,0.05921391397714615,pill,0,Train,pill_104.png
0.021087434142827988,0.0012862605508416891,0.8858661651611328,0.3756057322025299,0.08386725187301636,pill,0,Train,pill_105.png
0.020670387893915176,0.0012858741683885455,0.8869971036911011,0.37748217582702637,0.07632532715797424,pill,0,Train,pill_106.png
0.020340822637081146,0.0011990733910351992,0.8893696665763855,0.38152486085891724,0.08093942701816559,pill,0,Train,pill_107.png
0.021014373749494553,0.0012793210335075855,0.8795061111450195,0.369148313999176,0.0692581981420517,pill,0,Train,pill_108.png
0.02099984511733055,0.0012409579940140247,0.8920092582702637,0.36551493406295776,0.07554541528224945,pill,0,Train,pill_109.png
0.02118653617799282,0.0014706465881317854,0.8778858184814453,0.3701300024986267,0.08959465473890305,pill,0,Train,pill_110.png
0.019967522472143173,0.0012171767884865403,0.8824284076690674,0.36860641837120056,0.0626327246427536,pill,0,Train,pill_111.png
0.020811449736356735,0.0013224314898252487,0.8846198916435242,0.36615991592407227,0.09181858599185944,pill,0,Train,pill_112.png
0.02072800323367119,0.0012855114182457328,0.8849278688430786,0.3718922734260559,0.07086020708084106,pill,0,Train,pill_113.png
0.02255183272063732,0.0012801061384379864,0.8886497020721436,0.3702629804611206,0.056758396327495575,pill,0,Train,pill_114.png
0.021609604358673096,0.0012926894705742598,0.8816561698913574,0.3724079132080078,0.0639459490776062,pill,0,Train,pill_115.png
0.020587582141160965,0.0012951078824698925,0.8776742815971375,0.3783842921257019,0.07308878749608994,pill,0,Train,pill_116.png
0.020887261256575584,0.0013120778603479266,0.8757052421569824,0.37193459272384644,0.07286705076694489,pill,0,Train,pill_117.png
0.02229943871498108,0.0014118988765403628,0.8794468641281128,0.3689238727092743,0.06542538106441498,pill,0,Train,pill_118.png
0.02096005529165268,0.0012648410629481077,0.8899974822998047,0.3713083863258362,0.06736461818218231,pill,0,Train,pill_119.png
0.021235104650259018,0.001315655536018312,0.8904023170471191,0.37273555994033813,0.07416074723005295,pill,0,Train,pill_120.png
0.020826291292905807,0.001383829629048705,0.8845818042755127,0.37563571333885193,0.08818524330854416,pill,0,Train,pill_121.png
0.01895950920879841,0.0011546663008630276,0.8942164182662964,0.36418265104293823,0.07439819723367691,pill,0,Train,pill_122.png
0.02094298228621483,0.0012436381075531244,0.8844698667526245,0.3692607283592224,0.0645214319229126,pill,0,Train,pill_123.png
0.021400585770606995,0.001277933712117374,0.8878511786460876,0.3714660406112671,0.08047447353601456,pill,0,Train,pill_124.png
0.02042355388402939,0.0012226569233462214,0.8881838321685791,0.3700419068336487,0.06432262063026428,pill,0,Train,pill_125.png
0.019586142152547836,0.0011861040256917477,0.8946160674095154,0.36183303594589233,0.06886284798383713,pill,0,Train,pill_126.png
0.02024763636291027,0.001185963163152337,0.8868128061294556,0.37572771310806274,0.07623829692602158,pill,0,Train,pill_127.png
0.020992528647184372,0.0012884254101663828,0.8936047554016113,0.36374473571777344,0.07073341310024261,pill,0,Train,pill_128.png
0.01998721808195114,0.001176709309220314,0.8908950686454773,0.3617706596851349,0.06011637672781944,pill,0,Train,pill_129.png
0.02093643508851528,0.00131128984503448,0.8917263746261597,0.36821162700653076,0.07333629578351974,pill,0,Train,pill_130.png
0.02096392959356308,0.0011624416802078485,0.8959360122680664,0.3620591163635254,0.06003710627555847,pill,0,Train,pill_131.png
0.020721567794680595,0.0012537825386971235,0.8880667090415955,0.37740185856819153,0.08120651543140411,pill,0,Train,pill_132.png
0.019458889961242676,0.0012667558621615171,0.8844942450523376,0.3755350112915039,0.06758549064397812,pill,0,Train,pill_133.png
0.02011299505829811,0.0012570651015266776,0.8886587023735046,0.36802011728286743,0.06877128034830093,pill,0,Train,pill_134.png
0.021992502734065056,0.001366581185720861,0.8878083229064941,0.36661043763160706,0.05636617913842201,pill,0,Train,pill_135.png
0.020413372665643692,0.001204818021506071,0.8907382488250732,0.3684595823287964,0.09704777598381042,pill,0,Train,pill_136.png
0.020077135413885117,0.001203242689371109,0.8858890533447266,0.3690115511417389,0.07347624748945236,pill,0,Train,pill_137.png
0.020520906895399094,0.0013322958257049322,0.8922891020774841,0.3675537109375,0.09189167618751526,pill,0,Train,pill_138.png
0.021088777109980583,0.0011521107517182827,0.8896316885948181,0.37021178007125854,0.05243782699108124,pill,0,Train,pill_139.png
0.021098341792821884,0.0013248225441202521,0.8745031356811523,0.36991381645202637,0.058967091143131256,pill,0,Train,pill_140.png
0.01972237229347229,0.001188318943604827,0.8893739581108093,0.364016592502594,0.0685824304819107,pill,0,Train,pill_141.png
0.019897425547242165,0.0012368768220767379,0.8974536657333374,0.3612476885318756,0.06404651701450348,pill,0,Train,pill_142.png
0.020648153498768806,0.0013567476999014616,0.8873290419578552,0.3639819622039795,0.06858596205711365,pill,0,Train,pill_143.png
0.01912669837474823,0.0011019653175026178,0.8930923938751221,0.3642484247684479,0.07581082731485367,pill,0,Train,pill_144.png
0.020301613956689835,0.0012422630097717047,0.8929166197776794,0.3695458173751831,0.06542868912220001,pill,0,Train,pill_145.png
0.0186748243868351,0.0011225345078855753,0.8937122821807861,0.36731651425361633,0.07626856118440628,pill,0,Train,pill_146.png
0.01958566904067993,0.0012800982221961021,0.8928630352020264,0.37229543924331665,0.08069495111703873,pill,0,Train,pill_147.png
0.019775521010160446,0.0012703401735052466,0.8866583108901978,0.36825835704803467,0.07978347688913345,pill,0,Train,pill_148.png
0.019200928509235382,0.0011900493409484625,0.8921117782592773,0.3689326345920563,0.07085815072059631,pill,0,Train,pill_149.png
0.01977159082889557,0.0011742523638531566,0.8936981558799744,0.3693977892398834,0.06674502044916153,pill,0,Train,pill_150.png
0.02018629014492035,0.0012326280120760202,0.8945932388305664,0.3610423803329468,0.0750938132405281,pill,0,Train,pill_151.png
0.01959696225821972,0.0011688768863677979,0.9002520442008972,0.36211124062538147,0.05684076249599457,pill,0,Train,pill_152.png
0.019618220627307892,0.0011972821084782481,0.8905432224273682,0.3671417534351349,0.08179295808076859,pill,0,Train,pill_153.png
0.020188849419355392,0.0013074928428977728,0.887088418006897,0.3800050914287567,0.08524899929761887,pill,0,Train,pill_154.png
0.01929006539285183,0.0011440047528594732,0.8888829946517944,0.36971795558929443,0.08198308944702148,pill,0,Train,pill_155.png
0.019663818180561066,0.0013091189321130514,0.8867594599723816,0.36526286602020264,0.06838583946228027,pill,0,Train,pill_156.png
0.01949610561132431,0.0011278323363512754,0.8884786367416382,0.3702695965766907,0.09304389357566833,pill,0,Train,pill_157.png
0.018904373049736023,0.0011133849620819092,0.8858286738395691,0.37086838483810425,0.07609152048826218,pill,0,Train,pill_158.png
0.021388519555330276,0.0015031148213893175,0.8816091418266296,0.38771548867225647,0.06822425872087479,pill,0,Train,pill_159.png
0.021099962294101715,0.0015044172760099173,0.8787456750869751,0.37395691871643066,0.06801676005125046,pill,0,Train,pill_160.png
0.02033955231308937,0.0011887552682310343,0.8907887935638428,0.3739906847476959,0.06429795175790787,pill,0,Train,pill_161.png
0.019943855702877045,0.0014706684742122889,0.8812917470932007,0.381329745054245,0.07462465018033981,pill,0,Train,pill_162.png
0.020668568089604378,0.0013869802933186293,0.8763822317123413,0.38737788796424866,0.06429179757833481,pill,0,Train,pill_163.png
0.01947535201907158,0.0013576222117990255,0.8729116320610046,0.38564562797546387,0.10592957586050034,pill,0,Train,pill_164.png
0.020811740309000015,0.0014819407369941473,0.8645355701446533,0.3905855715274811,0.0684763491153717,pill,0,Train,pill_165.png
0.019785918295383453,0.0014667492359876633,0.8773868083953857,0.3862864673137665,0.08056709170341492,pill,0,Train,pill_166.png
0.02029530704021454,0.0014649158110842109,0.8705021142959595,0.39430680871009827,0.08391524106264114,pill,0,Train,pill_167.png
0.021197553724050522,0.0018981819739565253,0.8666707873344421,0.3964802026748657,0.14763565361499786,pill,0,Train,pill_168.png
0.01937512680888176,0.0012410763883963227,0.8775347471237183,0.386989951133728,0.09862639009952545,pill,0,Train,pill_169.png
0.019586965441703796,0.0015476278495043516,0.8752971887588501,0.38086050748825073,0.2609773278236389,pill,0,Train,pill_170.png
0.01985345408320427,0.0012938467552885413,0.8962688446044922,0.3646530508995056,0.08256585150957108,pill,0,Train,pill_171.png
0.01983167789876461,0.0013552730670198798,0.8777681589126587,0.3806769847869873,0.07098709791898727,pill,0,Train,pill_172.png
0.019284211099147797,0.0012955466518178582,0.875351071357727,0.3796161115169525,0.07873505353927612,pill,0,Train,pill_173.png
0.02013833075761795,0.0013222316047176719,0.8770954608917236,0.39128467440605164,0.08616294711828232,pill,0,Train,pill_174.png
0.02107747457921505,0.0015039112186059356,0.8836973905563354,0.3773082494735718,0.07559306174516678,pill,0,Train,pill_175.png
0.021211043000221252,0.0015768095618113875,0.8704459071159363,0.38103818893432617,0.0770195871591568,pill,0,Train,pill_176.png
0.01970359869301319,0.0013143380638211966,0.8813967108726501,0.38495177030563354,0.09496594220399857,pill,0,Train,pill_177.png
0.01909135840833187,0.0011952412314713001,0.8825663328170776,0.3859114646911621,0.08480104058980942,pill,0,Train,pill_178.png
0.020693160593509674,0.0014202373567968607,0.8776249885559082,0.3889767825603485,0.1533554196357727,pill,0,Train,pill_179.png
0.019694488495588303,0.0013087717816233635,0.8665417432785034,0.3926171660423279,0.07779157161712646,pill,0,Train,pill_180.png
0.01947196014225483,0.0012329117162153125,0.8930265307426453,0.3805221617221832,0.07721614092588425,pill,0,Train,pill_181.png
0.019377559423446655,0.0011225317139178514,0.891291618347168,0.37160101532936096,0.06672769039869308,pill,0,Train,pill_182.png
0.020336147397756577,0.0013953943271189928,0.8776340484619141,0.3901821970939636,0.09262001514434814,pill,0,Train,pill_183.png
0.02012999728322029,0.0013079510536044836,0.8729168772697449,0.38585248589515686,0.06755978614091873,pill,0,Train,pill_184.png
0.021688668057322502,0.0016086719697341323,0.8754920959472656,0.38812488317489624,0.08410118520259857,pill,0,Train,pill_185.png
0.022363819181919098,0.0015841384883970022,0.8822622299194336,0.38595589995384216,0.07477296143770218,pill,0,Train,pill_186.png
0.020361866801977158,0.0013491208665072918,0.8864914774894714,0.3822081685066223,0.08837568759918213,pill,0,Train,pill_187.png
0.02073238417506218,0.0012518201256170869,0.8791823387145996,0.3887094557285309,0.08710557222366333,pill,0,Train,pill_188.png
0.02072172984480858,0.001363914692774415,0.8854366540908813,0.3910805583000183,0.07044702768325806,pill,0,Train,pill_189.png
0.019997265189886093,0.0012952201068401337,0.8858382105827332,0.37967872619628906,0.07965800166130066,pill,0,Train,pill_190.png
0.020628536120057106,0.0012041730806231499,0.8966130018234253,0.37243345379829407,0.07679533958435059,pill,0,Train,pill_191.png
0.019545720890164375,0.0012226785765960813,0.8863288164138794,0.3800544738769531,0.08941668272018433,pill,0,Train,pill_192.png
0.02036454901099205,0.0013015747535973787,0.8881323337554932,0.38122135400772095,0.08395024389028549,pill,0,Train,pill_193.png
0.019530747085809708,0.0012295757187530398,0.8880688548088074,0.3794897794723511,0.06541663408279419,pill,0,Train,pill_194.png
0.019526109099388123,0.001173876691609621,0.8870213031768799,0.3813101649284363,0.09148471057415009,pill,0,Train,pill_195.png
0.0209151953458786,0.0013673973735421896,0.8694804906845093,0.39295434951782227,0.06747733801603317,pill,0,Train,pill_196.png
0.019762493669986725,0.0011903684353455901,0.8822346925735474,0.39381855726242065,0.1534159928560257,pill,0,Train,pill_197.png
0.020718170329928398,0.0013684130972251296,0.8815497159957886,0.3880230188369751,0.09708885103464127,pill,0,Train,pill_198.png
0.018555883318185806,0.0014257690636441112,0.8784538507461548,0.39141398668289185,0.09900185465812683,pill,0,Train,pill_199.png
0.020313944667577744,0.0013249128824099898,0.882154107093811,0.3995227813720703,0.10030365735292435,pill,0,Train,pill_200.png
0.020535007119178772,0.0012591849081218243,0.8938417434692383,0.3688390851020813,0.08736421912908554,pill,0,Train,pill_201.png
0.02059522643685341,0.0013006450608372688,0.8870630264282227,0.37230515480041504,0.06946191191673279,pill,0,Train,pill_202.png
0.020397040992975235,0.0012561242328956723,0.8935496211051941,0.3729804754257202,0.07644739001989365,pill,0,Train,pill_203.png
0.018474718555808067,0.0011021711397916079,0.8973968029022217,0.3589162826538086,0.09074188768863678,pill,0,Train,pill_204.png
0.020589467138051987,0.001174572273157537,0.8970543146133423,0.36732935905456543,0.09948208183050156,pill,0,Train,pill_205.png
0.01852022483944893,0.0011579054407775402,0.8955368399620056,0.3628905415534973,0.07830815762281418,pill,0,Train,pill_206.png
0.01978272572159767,0.0012857659021392465,0.8972589373588562,0.37470924854278564,0.07623866200447083,pill,0,Train,pill_207.png
0.01931118592619896,0.0011287335073575377,0.9003502726554871,0.3696005344390869,0.06980741024017334,pill,0,Train,pill_208.png
0.022100036963820457,0.0013962483499199152,0.8989160060882568,0.36708778142929077,0.07397226244211197,pill,0,Train,pill_209.png
0.02069275639951229,0.0012441228609532118,0.8938931822776794,0.3648560643196106,0.06340554356575012,pill,0,Train,pill_210.png
0.020904909819364548,0.001352081075310707,0.891844630241394,0.37303808331489563,0.09170854836702347,pill,0,Train,pill_211.png
0.019923700019717216,0.0012961778556928039,0.8919696807861328,0.3579491674900055,0.09428167343139648,pill,0,Train,pill_212.png
0.02031587064266205,0.0012686196714639664,0.8945322036743164,0.37761688232421875,0.0694824755191803,pill,0,Train,pill_213.png
0.02166552096605301,0.0013545933179557323,0.8954129219055176,0.37182745337486267,0.08039622008800507,pill,0,Train,pill_214.png
0.020360374823212624,0.0013070807326585054,0.8923929929733276,0.36978578567504883,0.08341381698846817,pill,0,Train,pill_215.png
0.020159916952252388,0.001247089123353362,0.894483745098114,0.367206335067749,0.07637006789445877,pill,0,Train,pill_216.png
0.02068958431482315,0.0012140111066401005,0.8931468725204468,0.36278489232063293,0.07339569181203842,pill,0,Train,pill_217.png
0.02028520777821541,0.0012674028985202312,0.897664487361908,0.35790109634399414,0.06740910559892654,pill,0,Train,pill_218.png
0.019892413169145584,0.0012749683810397983,0.8925471305847168,0.3706893026828766,0.07228808850049973,pill,0,Train,pill_219.png
0.019996117800474167,0.0012471978552639484,0.8968278765678406,0.3667331337928772,0.07692867517471313,pill,0,Train,pill_220.png
0.020857295021414757,0.0013225493021309376,0.8968570232391357,0.3657231628894806,0.0841735452413559,pill,0,Train,pill_221.png
0.018701326102018356,0.0010993897449225187,0.8977463245391846,0.3584965169429779,0.0870525911450386,pill,0,Train,pill_222.png
0.019080577418208122,0.0011475759092718363,0.8916434645652771,0.37407809495925903,0.05699538812041283,pill,0,Train,pill_223.png
0.02135937660932541,0.0013491068966686726,0.8884983062744141,0.3572499454021454,0.08290297538042068,pill,0,Train,pill_224.png
0.01922822743654251,0.0011677974835038185,0.8997335433959961,0.35905721783638,0.0889957845211029,pill,0,Train,pill_225.png
0.02023775689303875,0.0013366690836846828,0.8965367078781128,0.355996698141098,0.09416337311267853,pill,0,Train,pill_226.png
0.019045371562242508,0.0010877646273002028,0.8970262408256531,0.3674592673778534,0.05696467310190201,pill,0,Train,pill_227.png
0.019607722759246826,0.0011760437628254294,0.8975536227226257,0.3642428517341614,0.07920438051223755,pill,0,Train,pill_228.png
0.019495874643325806,0.0011274631833657622,0.897240400314331,0.3608384430408478,0.09854941815137863,pill,0,Train,pill_229.png
0.020323989912867546,0.001263428246602416,0.8942551612854004,0.37448275089263916,0.07424855977296829,pill,0,Train,pill_230.png
0.019916091114282608,0.0011939392425119877,0.896504282951355,0.3685937225818634,0.08580099791288376,pill,0,Train,pill_231.png
0.01987859606742859,0.0012915375409647822,0.8904597163200378,0.3616268038749695,0.08830142021179199,pill,0,Train,pill_232.png
0.020233258605003357,0.0012825245503336191,0.8846582770347595,0.3678315579891205,0.07049378752708435,pill,0,Train,pill_233.png
0.019386980682611465,0.0012321239337325096,0.8966846466064453,0.3697768449783325,0.06972659379243851,pill,0,Train,pill_234.png
0.020070165395736694,0.0013483164366334677,0.8820900321006775,0.37023529410362244,0.09754835814237595,pill,0,Train,pill_235.png
0.020429085940122604,0.0013425530632957816,0.8913387656211853,0.3576093912124634,0.06802209466695786,pill,0,Train,pill_236.png
0.020479634404182434,0.0012770851608365774,0.8942558765411377,0.36403611302375793,0.07468199729919434,pill,0,Train,pill_237.png
0.02006506361067295,0.0012246399419382215,0.896296501159668,0.3603353202342987,0.06957107037305832,pill,0,Train,pill_238.png
0.01956973224878311,0.0012783415149897337,0.8903577327728271,0.3646804690361023,0.08765862137079239,pill,0,Train,pill_239.png
0.020085856318473816,0.0011959116673097014,0.8978330492973328,0.35497546195983887,0.06747131049633026,pill,0,Train,pill_240.png
0.02049807459115982,0.0011461334070190787,0.8930104970932007,0.3651183545589447,0.07510197907686234,pill,0,Train,pill_241.png
0.021432703360915184,0.0013670213520526886,0.8928693532943726,0.36493781208992004,0.07686743140220642,pill,0,Train,pill_242.png
0.02000146359205246,0.0012053633108735085,0.8898223638534546,0.36002904176712036,0.07308346033096313,pill,0,Train,pill_243.png
0.020744912326335907,0.0012621707282960415,0.8930352926254272,0.3727441430091858,0.07820476591587067,pill,0,Train,pill_244.png
0.01964936964213848,0.0011265671346336603,0.8964526653289795,0.36328190565109253,0.1030910462141037,pill,0,Train,pill_245.png
0.01956152729690075,0.0013171241153031588,0.8947339057922363,0.36241084337234497,0.0871705561876297,pill,0,Train,pill_246.png
0.01996000111103058,0.0012411143397912383,0.8866957426071167,0.3672279417514801,0.06808631867170334,pill,0,Train,pill_247.png
0.020566817373037338,0.0012470994843170047,0.892623782157898,0.36721912026405334,0.06110646203160286,pill,0,Train,pill_248.png
0.020545773208141327,0.0012434704694896936,0.8921416997909546,0.3701384961605072,0.05797088146209717,pill,0,Train,pill_249.png
0.021597567945718765,0.0013634536880999804,0.8921183943748474,0.36924707889556885,0.07189680635929108,pill,0,Train,pill_250.png
0.02060561627149582,0.0013461638009175658,0.8937840461730957,0.3601991832256317,0.08983372896909714,pill,0,Train,pill_251.png
0.01987556926906109,0.0011327385436743498,0.8925949335098267,0.36731407046318054,0.102767713367939,pill,0,Train,pill_252.png
0.01997750997543335,0.0011852935422211885,0.8880602121353149,0.37969762086868286,0.06959497928619385,pill,0,Train,pill_253.png
0.01963389292359352,0.001191048650071025,0.8920597434043884,0.3667096197605133,0.06660807132720947,pill,0,Train,pill_254.png
0.021762434393167496,0.0014237063005566597,0.8912742137908936,0.37496495246887207,0.08012078702449799,pill,0,Train,pill_255.png
0.020398996770381927,0.0012761553516611457,0.8858858346939087,0.37334567308425903,0.09524209052324295,pill,0,Train,pill_256.png
0.0205735694617033,0.001213977113366127,0.8991727828979492,0.36361274123191833,0.08464076370000839,pill,0,Train,pill_257.png
0.021404176950454712,0.001283146790228784,0.8922752141952515,0.3707740902900696,0.08034258335828781,pill,0,Train,pill_258.png
0.020062295719981194,0.0013332277303561568,0.8973249793052673,0.3655577301979065,0.09130033850669861,pill,0,Train,pill_259.png
0.01959792524576187,0.001230275840498507,0.8952845335006714,0.36464470624923706,0.08363986015319824,pill,0,Train,pill_260.png
0.022063255310058594,0.0013320606667548418,0.8953232169151306,0.36586442589759827,0.06763231754302979,pill,0,Train,pill_261.png
0.01950681023299694,0.0011724499054253101,0.8977753520011902,0.3741631805896759,0.07053962349891663,pill,0,Train,pill_262.png
0.019979923963546753,0.001191831543110311,0.8964369297027588,0.3631662428379059,0.07018904387950897,pill,0,Train,pill_263.png
0.020116908475756645,0.0012540286406874657,0.8908244371414185,0.37128525972366333,0.0635949969291687,pill,0,Train,pill_264.png
0.02053997479379177,0.0013795951381325722,0.8865463733673096,0.3635864853858948,0.06754828244447708,pill,0,Train,pill_265.png
0.01962238922715187,0.0013060467317700386,0.8847253322601318,0.364421546459198,0.0667150691151619,pill,0,Train,pill_266.png
0.020078662782907486,0.0012941150926053524,0.8903354406356812,0.3597162365913391,0.07659287005662918,pill,0,Train,pill_267.png
0.019955728203058243,0.0012477000709623098,0.881919264793396,0.3924090564250946,0.07138267904520035,pill,1,Test,pill_color_0001.png
0.019558407366275787,0.0011826492846012115,0.8930656313896179,0.3658056855201721,0.06940390914678574,pill,1,Test,pill_color_0002.png
0.019945047795772552,0.0013033701106905937,0.8801822662353516,0.36593300104141235,0.06534508615732193,pill,1,Test,pill_color_0003.png
0.021335642784833908,0.0014570546336472034,0.8802921772003174,0.36761459708213806,0.10339189320802689,pill,1,Test,pill_color_0004.png
0.020765921100974083,0.0014023458352312446,0.8874578475952148,0.36485183238983154,0.08521199971437454,pill,1,Test,pill_color_0005.png
0.02139359526336193,0.001390046440064907,0.889948308467865,0.37145885825157166,0.06578940153121948,pill,1,Test,pill_color_0006.png
0.021786119788885117,0.0016329297795891762,0.8779348134994507,0.36732444167137146,0.12897749245166779,pill,1,Test,pill_color_0007.png
0.020773358643054962,0.0013248886680230498,0.8934434652328491,0.3669508695602417,0.07564727216959,pill,1,Test,pill_color_0008.png
0.021125471219420433,0.0012886198237538338,0.8893823623657227,0.3811481297016144,0.079060398042202,pill,1,Test,pill_color_0009.png
0.02024799957871437,0.0012054782127961516,0.8866806030273438,0.3795563578605652,0.07644941657781601,pill,1,Test,pill_color_0010.png
0.020691905170679092,0.0012234635651111603,0.8875049352645874,0.3744145333766937,0.06455560028553009,pill,1,Test,pill_color_0011.png
0.02402537688612938,0.0016370313242077827,0.8797644972801208,0.3791549801826477,0.06599028408527374,pill,1,Test,pill_color_0012.png
0.021521639078855515,0.0013893278082832694,0.8754032850265503,0.3755428194999695,0.09260530024766922,pill,1,Test,pill_color_0013.png
0.0209042988717556,0.0013574359472841024,0.8839573264122009,0.37234047055244446,0.0722203478217125,pill,1,Test,pill_color_0014.png
0.020866435021162033,0.0012940631713718176,0.8913687467575073,0.3570045828819275,0.10995005816221237,pill,1,Test,pill_color_0015.png
0.022198516875505447,0.0014955643564462662,0.8722791075706482,0.3703234791755676,0.06184075027704239,pill,1,Test,pill_color_0016.png
0.02147836983203888,0.0014736343873664737,0.8860470056533813,0.35540342330932617,0.06575918942689896,pill,1,Test,pill_color_0017.png
0.020671725273132324,0.0012894559185951948,0.882933497428894,0.3718094825744629,0.08646503835916519,pill,1,Test,pill_color_0018.png
0.02024204097688198,0.0012243118835613132,0.8882014751434326,0.36973315477371216,0.09177836030721664,pill,1,Test,pill_color_0019.png
0.021453699097037315,0.0016247205203399062,0.8733930587768555,0.37752214074134827,0.17628924548625946,pill,1,Test,pill_color_0020.png
0.020419511944055557,0.0013155275955796242,0.8884388208389282,0.3632032871246338,0.0742119699716568,pill,1,Test,pill_color_0021.png
0.020954787731170654,0.0012636254541575909,0.8821205496788025,0.37348470091819763,0.08554068207740784,pill,1,Test,pill_color_0022.png
0.02134772017598152,0.0014208639040589333,0.8853976130485535,0.3671828508377075,0.0932006686925888,pill,1,Test,pill_color_0023.png
0.02227449044585228,0.001517477910965681,0.8802964091300964,0.37598758935928345,0.08081407845020294,pill,1,Test,pill_color_0024.png
0.020349644124507904,0.0013082008808851242,0.893296480178833,0.36333081126213074,0.0815306082367897,pill,1,Test,pill_color_0025.png
0.02145654521882534,0.001328358775936067,0.8784661293029785,0.3758138418197632,0.07740896940231323,pill,1,Test,pill_combined_0001.png
0.022295624017715454,0.0013603868428617716,0.8783779144287109,0.36686432361602783,0.07159668207168579,pill,1,Test,pill_combined_0002.png
0.0224686861038208,0.0013725790195167065,0.8835227489471436,0.37267041206359863,0.06441930681467056,pill,1,Test,pill_combined_0003.png
0.022208765149116516,0.0013772174715995789,0.8722279071807861,0.37960684299468994,0.08450231701135635,pill,1,Test,pill_combined_0004.png
0.024284403771162033,0.00150228978600353,0.8665482997894287,0.37704533338546753,0.08333975076675415,pill,1,Test,pill_combined_0005.png
0.02204323187470436,0.001370860612951219,0.8818464279174805,0.3701416254043579,0.07968048006296158,pill,1,Test,pill_combined_0006.png
0.021113455295562744,0.0013248234754428267,0.8782273530960083,0.3778283894062042,0.06771614402532578,pill,1,Test,pill_combined_0007.png
0.021532176062464714,0.00137979700230062,0.8684992790222168,0.3841616213321686,0.07376060634851456,pill,1,Test,pill_combined_0008.png
0.02246381714940071,0.0013714984524995089,0.8717446327209473,0.38295063376426697,0.058891769498586655,pill,1,Test,pill_combined_0009.png
0.022309502586722374,0.0014200720470398664,0.8679584860801697,0.3807302415370941,0.07308795303106308,pill,1,Test,pill_combined_0010.png
0.0245759766548872,0.0016071185236796737,0.8611458539962769,0.38031530380249023,0.06591886281967163,pill,1,Test,pill_combined_0011.png
0.02306865155696869,0.00143784424290061,0.8787623643875122,0.3737584948539734,0.09289178997278214,pill,1,Test,pill_combined_0012.png
0.02385053038597107,0.0014121956191956997,0.8549041748046875,0.3939054608345032,0.06016455218195915,pill,1,Test,pill_combined_0013.png
0.022187869995832443,0.0013445954537019134,0.8728265762329102,0.3859868049621582,0.10160180181264877,pill,1,Test,pill_combined_0014.png
0.02405882254242897,0.0016331265214830637,0.8615506887435913,0.39674773812294006,0.12337177246809006,pill,1,Test,pill_combined_0015.png
0.023412562906742096,0.0014177586417645216,0.8587154746055603,0.3965657949447632,0.07365045696496964,pill,1,Test,pill_combined_0016.png
0.024838905781507492,0.0018352966289967299,0.8653672933578491,0.38229623436927795,0.08262569457292557,pill,1,Test,pill_combined_0017.png
0.02009827271103859,0.0012501833261922002,0.8828843832015991,0.366571843624115,0.07871436327695847,pill,1,Test,pill_contamination_0001.png
0.01995175890624523,0.0013200737303122878,0.887190043926239,0.37119174003601074,0.07086864113807678,pill,1,Test,pill_contamination_0002.png
0.020310435444116592,0.0013089015847072005,0.8870593905448914,0.37805184721946716,0.07461711764335632,pill,1,Test,pill_contamination_0003.png
0.0212203711271286,0.0013517846819013357,0.8804206252098083,0.37277570366859436,0.07049541920423508,pill,1,Test,pill_contamination_0004.png
0.021937815472483635,0.0014228159561753273,0.8852137923240662,0.3698618412017822,0.10936936736106873,pill,1,Test,pill_contamination_0005.png
0.021319439634680748,0.0013220950495451689,0.8925806879997253,0.3682973384857178,0.10384384542703629,pill,1,Test,pill_contamination_0006.png
0.021365735679864883,0.001345443888567388,0.8852912187576294,0.37270694971084595,0.08954233676195145,pill,1,Test,pill_contamination_0007.png
0.023005880415439606,0.0015995781868696213,0.8882848024368286,0.36017972230911255,0.0823393240571022,pill,1,Test,pill_contamination_0008.png
0.019924422726035118,0.001259148702956736,0.8933415412902832,0.36331629753112793,0.10033521056175232,pill,1,Test,pill_contamination_0009.png
0.021589918062090874,0.0013897279277443886,0.8904083967208862,0.3715057969093323,0.08656782656908035,pill,1,Test,pill_contamination_0010.png
0.021609706804156303,0.0013129585422575474,0.8857075572013855,0.3641452193260193,0.08446981757879257,pill,1,Test,pill_contamination_0011.png
0.023506704717874527,0.0016541106160730124,0.8850451707839966,0.37206292152404785,0.06268665939569473,pill,1,Test,pill_contamination_0012.png
0.022301508113741875,0.0013510397402569652,0.882500410079956,0.37638238072395325,0.08884242922067642,pill,1,Test,pill_contamination_0013.png
0.02083471044898033,0.0013599758967757225,0.8873227834701538,0.3681231737136841,0.08040327578783035,pill,1,Test,pill_contamination_0014.png
0.020702477544546127,0.0012726372806355357,0.8928994536399841,0.35404542088508606,0.07921912521123886,pill,1,Test,pill_contamination_0015.png
0.02214939519762993,0.0015531142707914114,0.8873512148857117,0.37005704641342163,0.07082977145910263,pill,1,Test,pill_contamination_0016.png
0.021628310903906822,0.0014073507627472281,0.8942417502403259,0.3641122579574585,0.07562654465436935,pill,1,Test,pill_contamination_0017.png
0.021457334980368614,0.001314514665864408,0.8843874335289001,0.37594765424728394,0.09757692366838455,pill,1,Test,pill_contamination_0018.png
0.02119896560907364,0.001192169263958931,0.8803021311759949,0.37818509340286255,0.08198120445013046,pill,1,Test,pill_contamination_0019.png
0.020607389509677887,0.0013028569519519806,0.8815028667449951,0.3823997974395752,0.060963310301303864,pill,1,Test,pill_contamination_0020.png
0.02196773886680603,0.0013883120846003294,0.8710811138153076,0.3757532238960266,0.08032766729593277,pill,1,Test,pill_contamination_0021.png
0.01996104046702385,0.001167864422313869,0.8988204002380371,0.3553181290626526,0.07294077426195145,pill,1,Test,pill_crack_0001.png
0.020199930295348167,0.0012418540427461267,0.8961941599845886,0.36163586378097534,0.07980979979038239,pill,1,Test,pill_crack_0002.png
0.020209942013025284,0.0013746600598096848,0.8842884302139282,0.36313605308532715,0.07063081860542297,pill,1,Test,pill_crack_0003.png
0.0216168574988842,0.0014006830751895905,0.8873401880264282,0.3618459701538086,0.06787051260471344,pill,1,Test,pill_crack_0004.png
0.021449528634548187,0.0014350754208862782,0.8861037492752075,0.3707560896873474,0.06820669025182724,pill,1,Test,pill_crack_0005.png
0.020945440977811813,0.0013231872580945492,0.8938549757003784,0.37571242451667786,0.08401056379079819,pill,1,Test,pill_crack_0006.png
0.020845165476202965,0.0013178044464439154,0.8994762301445007,0.36775341629981995,0.0849798396229744,pill,1,Test,pill_crack_0007.png
0.019810490310192108,0.0011744818184524775,0.8924776911735535,0.36536920070648193,0.0838448628783226,pill,1,Test,pill_crack_0008.png
0.020879438146948814,0.0013282959116622806,0.8919572830200195,0.36719727516174316,0.05354256182909012,pill,1,Test,pill_crack_0009.png
0.020912429317831993,0.001405362389050424,0.8910775184631348,0.36677929759025574,0.0814790204167366,pill,1,Test,pill_crack_0010.png
0.022565608844161034,0.0015077958814799786,0.8727648258209229,0.3899923861026764,0.06292790174484253,pill,1,Test,pill_crack_0011.png
0.020714061334729195,0.0014051998732611537,0.8728544116020203,0.3720649778842926,0.09931641817092896,pill,1,Test,pill_crack_0012.png
0.021346455439925194,0.0013595635537058115,0.8873114585876465,0.365045428276062,0.06619469821453094,pill,1,Test,pill_crack_0013.png
0.021557152271270752,0.001400229288265109,0.8871914744377136,0.36357349157333374,0.08861523121595383,pill,1,Test,pill_crack_0014.png
0.019648069515824318,0.0011888490989804268,0.8834306597709656,0.3739902377128601,0.08338727802038193,pill,1,Test,pill_crack_0015.png
0.0220962967723608,0.0014714238932356238,0.8877376317977905,0.36615288257598877,0.08687777817249298,pill,1,Test,pill_crack_0016.png
0.020953834056854248,0.001430194592103362,0.8873051404953003,0.3703685998916626,0.07452571392059326,pill,1,Test,pill_crack_0017.png
0.019617628306150436,0.001185038359835744,0.8901345133781433,0.36611518263816833,0.07445816695690155,pill,1,Test,pill_crack_0018.png
0.022094622254371643,0.001527924439869821,0.8905857801437378,0.36587876081466675,0.07098075747489929,pill,1,Test,pill_crack_0019.png
0.021843131631612778,0.0014143211301416159,0.8864137530326843,0.36372876167297363,0.0781020000576973,pill,1,Test,pill_crack_0020.png
0.02103414759039879,0.0013644433347508311,0.8893711566925049,0.3706653118133545,0.06776728481054306,pill,1,Test,pill_crack_0021.png
0.02172938734292984,0.0013979322975501418,0.8803984522819519,0.3679441511631012,0.09555875509977341,pill,1,Test,pill_crack_0022.png
0.020641202107071877,0.0012181703932583332,0.8925577402114868,0.3681812286376953,0.06082389876246452,pill,1,Test,pill_crack_0023.png
0.02104162983596325,0.00129933119751513,0.8954483270645142,0.36150410771369934,0.08135693520307541,pill,1,Test,pill_crack_0024.png
0.019757911562919617,0.0012581588234752417,0.8908798098564148,0.3700600564479828,0.07187748700380325,pill,1,Test,pill_crack_0025.png
0.020289123058319092,0.001288596191443503,0.9037312269210815,0.3599530756473541,0.06386581808328629,pill,1,Test,pill_crack_0026.png
0.021141093224287033,0.0014053124468773603,0.8846590518951416,0.3625621199607849,0.06313779205083847,pill,1,Test,pill_faulty_imprint_0001.png
0.020452260971069336,0.001264922320842743,0.8945927619934082,0.3751865029335022,0.0639302060008049,pill,1,Test,pill_faulty_imprint_0002.png
0.019838709384202957,0.001197963603772223,0.8924655318260193,0.3677128553390503,0.0658322125673294,pill,1,Test,pill_faulty_imprint_0003.png
0.023304928094148636,0.0016645140713080764,0.8797613978385925,0.37530362606048584,0.09590229392051697,pill,1,Test,pill_faulty_imprint_0004.png
0.02120337449014187,0.0013960993383079767,0.8845443725585938,0.3851226270198822,0.0863257497549057,pill,1,Test,pill_faulty_imprint_0005.png
0.021785248070955276,0.0014132661744952202,0.8785449266433716,0.3760271966457367,0.08433931320905685,pill,1,Test,pill_faulty_imprint_0006.png
0.02203722856938839,0.001333422027528286,0.8919771909713745,0.3820873498916626,0.08978573232889175,pill,1,Test,pill_faulty_imprint_0007.png
0.022190218791365623,0.0013609243324026465,0.8840149641036987,0.3871980905532837,0.07625897973775864,pill,1,Test,pill_faulty_imprint_0008.png
0.020790617913007736,0.0013570589944720268,0.8828923106193542,0.37804049253463745,0.08363749831914902,pill,1,Test,pill_faulty_imprint_0009.png
0.02133062481880188,0.0013594669289886951,0.8916982412338257,0.3691449463367462,0.0702342689037323,pill,1,Test,pill_faulty_imprint_0010.png
0.020259857177734375,0.0012129269307479262,0.8836483955383301,0.3774167001247406,0.06092265248298645,pill,1,Test,pill_faulty_imprint_0011.png
0.021452656015753746,0.0013224140275269747,0.87470543384552,0.37764835357666016,0.09224661439657211,pill,1,Test,pill_faulty_imprint_0012.png
0.02139049768447876,0.0013872062554582953,0.8778526782989502,0.3776608109474182,0.08773400634527206,pill,1,Test,pill_faulty_imprint_0013.png
0.023443598300218582,0.0014745770022273064,0.8869415521621704,0.37017810344696045,0.0762646421790123,pill,1,Test,pill_faulty_imprint_0014.png
0.020061234012246132,0.0012692143209278584,0.8816291093826294,0.3682892322540283,0.07899469882249832,pill,1,Test,pill_faulty_imprint_0015.png
0.020662609487771988,0.001234675757586956,0.8858689069747925,0.37388214468955994,0.07719562947750092,pill,1,Test,pill_faulty_imprint_0016.png
0.021357648074626923,0.0012848135083913803,0.8781633377075195,0.37250816822052,0.05857408419251442,pill,1,Test,pill_faulty_imprint_0017.png
0.020526867359876633,0.0012599051697179675,0.8778533935546875,0.36927130818367004,0.07103841751813889,pill,1,Test,pill_faulty_imprint_0018.png
0.02059941552579403,0.001240871730260551,0.8757712244987488,0.37239301204681396,0.07850871980190277,pill,1,Test,pill_faulty_imprint_0019.png
0.019382208585739136,0.001104300725273788,0.8922394514083862,0.37106695771217346,0.08230432122945786,pill,0,Test,pill_good_0001.png
0.02008184790611267,0.0013138636713847518,0.8856762647628784,0.37659722566604614,0.0876116082072258,pill,0,Test,pill_good_0002.png
0.020690929144620895,0.0012607024982571602,0.8890771269798279,0.36773979663848877,0.06108792498707771,pill,0,Test,pill_good_0003.png
0.022348418831825256,0.001389837241731584,0.8885661363601685,0.3599278926849365,0.07590199261903763,pill,0,Test,pill_good_0004.png
0.01932442933320999,0.0011334622977301478,0.8947257399559021,0.3712591230869293,0.06920875608921051,pill,0,Test,pill_good_0005.png
0.019921157509088516,0.001263326732441783,0.8830336332321167,0.37748289108276367,0.05655265972018242,pill,0,Test,pill_good_0006.png
0.022030498832464218,0.001518169417977333,0.8819777965545654,0.38117676973342896,0.0709674134850502,pill,0,Test,pill_good_0007.png
0.020675402134656906,0.0012761495308950543,0.8874082565307617,0.3733695149421692,0.10086639970541,pill,0,Test,pill_good_0008.png
0.020061727613210678,0.001249358057975769,0.88042151927948,0.36722299456596375,0.07056553661823273,pill,0,Test,pill_good_0009.png
0.020120343193411827,0.0011978547554463148,0.885295569896698,0.37522947788238525,0.07200516760349274,pill,0,Test,pill_good_0010.png
0.02041161246597767,0.0012327348813414574,0.8973639011383057,0.3616647720336914,0.09075430780649185,pill,0,Test,pill_good_0011.png
0.020187631249427795,0.0012908009812235832,0.8877887725830078,0.3695741593837738,0.07569508254528046,pill,0,Test,pill_good_0012.png
0.020021338015794754,0.0011959831463173032,0.8878169059753418,0.3728356957435608,0.07701774686574936,pill,0,Test,pill_good_0013.png
0.02095557376742363,0.0013366267085075378,0.889580249786377,0.3675597310066223,0.06702030450105667,pill,0,Test,pill_good_0014.png
0.019859617576003075,0.001188713125884533,0.8870230913162231,0.3710470497608185,0.09382041543722153,pill,0,Test,pill_good_0015.png
0.020316947251558304,0.0013910033740103245,0.8799010515213013,0.38483983278274536,0.08438291400671005,pill,0,Test,pill_good_0016.png
0.020195750519633293,0.0013248790055513382,0.8836550712585449,0.3857108950614929,0.07937806844711304,pill,0,Test,pill_good_0017.png
0.01995207741856575,0.0010965378023684025,0.8909826278686523,0.37718304991722107,0.062021996825933456,pill,0,Test,pill_good_0018.png
0.020886538550257683,0.0014173424569889903,0.871678352355957,0.38594451546669006,0.07607273012399673,pill,0,Test,pill_good_0019.png
0.019434854388237,0.0011966524180024862,0.8971409201622009,0.36528682708740234,0.06899198144674301,pill,0,Test,pill_good_0020.png
0.01974913664162159,0.0011807051487267017,0.8945220708847046,0.3719823658466339,0.07464467734098434,pill,0,Test,pill_good_0021.png
0.020179249346256256,0.0013425275683403015,0.8919200897216797,0.3673047423362732,0.06726671010255814,pill,0,Test,pill_good_0022.png
0.019735267385840416,0.0012782132253050804,0.890042781829834,0.36691755056381226,0.07603748142719269,pill,0,Test,pill_good_0023.png
0.019003918394446373,0.0012096979189664125,0.8877338171005249,0.3683846890926361,0.0808756873011589,pill,0,Test,pill_good_0024.png
0.019425077363848686,0.0011977058602496982,0.8947547674179077,0.3651368021965027,0.07421752065420151,pill,0,Test,pill_good_0025.png
0.020607881247997284,0.0011903507402166724,0.8953887224197388,0.36063629388809204,0.06509677320718765,pill,0,Test,pill_good_0026.png
0.041560593992471695,0.004284495022147894,0.7635922431945801,0.44861215353012085,0.11134505271911621,pill,1,Test,pill_pill_type_0001.png
0.03521262854337692,0.003101417561993003,0.7779170870780945,0.4174450635910034,0.09927263110876083,pill,1,Test,pill_pill_type_0002.png
0.024812405928969383,0.0019661723636090755,0.8504430651664734,0.390621542930603,0.08584202080965042,pill,1,Test,pill_pill_type_0003.png
0.025475826114416122,0.0019709619227796793,0.8542112112045288,0.3880886435508728,0.09584864228963852,pill,1,Test,pill_pill_type_0004.png
0.024705033749341965,0.0019264817237854004,0.8482715487480164,0.394482284784317,0.08411414176225662,pill,1,Test,pill_pill_type_0005.png
0.034530576318502426,0.003091900609433651,0.7816426753997803,0.4287381172180176,0.06193866953253746,pill,1,Test,pill_pill_type_0006.png
0.034438349306583405,0.0030802234541624784,0.7787632942199707,0.42832350730895996,0.09913117438554764,pill,1,Test,pill_pill_type_0007.png
0.02510649710893631,0.002069521229714155,0.8336310386657715,0.4322657883167267,0.09075682610273361,pill,1,Test,pill_pill_type_0008.png
0.02556094340980053,0.0021703895181417465,0.8366775512695312,0.4389187693595886,0.11018577218055725,pill,1,Test,pill_pill_type_0009.png
0.020610446110367775,0.0012803849531337619,0.8726403713226318,0.3785994350910187,0.08181045949459076,pill,1,Test,pill_scratch_0001.png
0.021302729845046997,0.0012191360583528876,0.8899375200271606,0.36785662174224854,0.10723049938678741,pill,1,Test,pill_scratch_0002.png
0.019922109320759773,0.0012378179235383868,0.8856231570243835,0.3669120967388153,0.08552443981170654,pill,1,Test,pill_scratch_0003.png
0.021476611495018005,0.0013567684218287468,0.8887720108032227,0.36433836817741394,0.06545630097389221,pill,1,Test,pill_scratch_0004.png
0.02111734077334404,0.00133463682141155,0.8786649703979492,0.37652450799942017,0.08945664018392563,pill,1,Test,pill_scratch_0005.png
0.02139945887029171,0.0013813175028190017,0.8764456510543823,0.37636545300483704,0.07535849511623383,pill,1,Test,pill_scratch_0006.png
0.020582038909196854,0.001297177281230688,0.8845791816711426,0.3689635396003723,0.08904357254505157,pill,1,Test,pill_scratch_0007.png
0.0222463421523571,0.001500639133155346,0.8747431635856628,0.387777179479599,0.06625672429800034,pill,1,Test,pill_scratch_0008.png
0.023118719458580017,0.0013571045128628612,0.8848088979721069,0.36999791860580444,0.10509464889764786,pill,1,Test,pill_scratch_0009.png
0.020624302327632904,0.0012653255835175514,0.8809258341789246,0.37410447001457214,0.0722244381904602,pill,1,Test,pill_scratch_0010.png
0.021800581365823746,0.0013402716722339392,0.8826953172683716,0.3740047216415405,0.07191884517669678,pill,1,Test,pill_scratch_0011.png
0.024505924433469772,0.0016999742947518826,0.8588078022003174,0.383162260055542,0.06545882672071457,pill,1,Test,pill_scratch_0012.png
0.02049759030342102,0.0012669733259826899,0.8857206106185913,0.3711647391319275,0.07653111964464188,pill,1,Test,pill_scratch_0013.png
0.019967133179306984,0.001245853491127491,0.878190279006958,0.3717649579048157,0.09425587207078934,pill,1,Test,pill_scratch_0014.png
0.021145544946193695,0.0012390356278046966,0.8889750838279724,0.38119029998779297,0.07466164976358414,pill,1,Test,pill_scratch_0015.png
0.022917604073882103,0.001405877061188221,0.8710206747055054,0.3706006705760956,0.07766091078519821,pill,1,Test,pill_scratch_0016.png
0.021079711616039276,0.001325639896094799,0.882401704788208,0.37561655044555664,0.09199798852205276,pill,1,Test,pill_scratch_0017.png
0.021735427901148796,0.0013980537187308073,0.8820611834526062,0.37524139881134033,0.08825502544641495,pill,1,Test,pill_scratch_0018.png
0.023706119507551193,0.001418459229171276,0.8657402992248535,0.3882834017276764,0.09687471389770508,pill,1,Test,pill_scratch_0019.png
0.02018844522535801,0.0011916868388652802,0.8820929527282715,0.37537598609924316,0.06311076134443283,pill,1,Test,pill_scratch_0020.png
0.019931605085730553,0.0012023146264255047,0.8859087824821472,0.37045228481292725,0.09094050526618958,pill,1,Test,pill_scratch_0021.png
0.02112133614718914,0.0013758268905803561,0.8592485785484314,0.3707273602485657,0.07474850863218307,pill,1,Test,pill_scratch_0022.png
0.020198233425617218,0.0011953979264944792,0.8880677223205566,0.3687267005443573,0.10311180353164673,pill,1,Test,pill_scratch_0023.png
0.02305532619357109,0.0014263961929827929,0.8703615069389343,0.3939776122570038,0.0797266960144043,pill,1,Test,pill_scratch_0024.png
