Category,Technique_Used,Strength,Guidance,L1,L2,MS_SSIM,LPIPS,Max_Patch,Label
bottle,OFT_UNet,0.35,5.5,0.023854343220591545,0.001462157815694809,0.9001911878585815,0.16835099458694458,0.048911940306425095,1
bottle,OFT_UNet,0.35,5.5,0.0229563619941473,0.001625985256396234,0.9037518501281738,0.16113486886024475,0.1764991581439972,1
bottle,OFT_UNet,0.35,5.5,0.02335570566356182,0.0013348141219466925,0.8907548189163208,0.17572100460529327,0.07041780650615692,1
bottle,OFT_UNet,0.35,5.5,0.023330410942435265,0.0013403657358139753,0.8981346487998962,0.20463836193084717,0.04160918667912483,1
bottle,OFT_UNet,0.35,5.5,0.02282705530524254,0.0017145135207101703,0.9225284457206726,0.13369950652122498,0.09223370999097824,1
bottle,OFT_UNet,0.35,5.5,0.02269837260246277,0.0014226356288418174,0.9251987934112549,0.13545455038547516,0.0894729495048523,1
bottle,OFT_UNet,0.35,5.5,0.023554746061563492,0.0015103730838745832,0.903868556022644,0.17771349847316742,0.07929763942956924,1
bottle,OFT_UNet,0.35,5.5,0.022206908091902733,0.0012138098245486617,0.9061001539230347,0.1746949553489685,0.07125165313482285,1
bottle,OFT_UNet,0.35,5.5,0.023354705423116684,0.0015178000321611762,0.914973258972168,0.1617118865251541,0.1167561337351799,1
bottle,OFT_UNet,0.35,5.5,0.02227666601538658,0.0013208941090852022,0.9124721884727478,0.14355060458183289,0.11108288913965225,1
bottle,OFT_UNet,0.35,5.5,0.021691499277949333,0.0011892718030139804,0.9152504801750183,0.15750735998153687,0.09605684876441956,1
bottle,OFT_UNet,0.35,5.5,0.022871095687150955,0.0016272859647870064,0.9109198451042175,0.13877545297145844,0.2570577561855316,1
bottle,OFT_UNet,0.35,5.5,0.02242700383067131,0.0014614103129133582,0.9183849096298218,0.1507413685321808,0.09617529809474945,1
bottle,OFT_UNet,0.35,5.5,0.024850992485880852,0.0016363741597160697,0.8825542330741882,0.17115885019302368,0.05861620977520943,1
bottle,OFT_UNet,0.35,5.5,0.021720780059695244,0.0014666871866211295,0.9288899302482605,0.1349090188741684,0.2523411810398102,1
bottle,OFT_UNet,0.35,5.5,0.022575147449970245,0.0013960369396954775,0.9175885915756226,0.14796355366706848,0.10268865525722504,1
bottle,OFT_UNet,0.35,5.5,0.024223104119300842,0.0016290534986183047,0.900371789932251,0.17156895995140076,0.08411724120378494,1
bottle,OFT_UNet,0.35,5.5,0.02299022488296032,0.0015805328730493784,0.9061815142631531,0.16885024309158325,0.09232708811759949,1
bottle,OFT_UNet,0.35,5.5,0.024945711717009544,0.001808234374038875,0.9018534421920776,0.1719549298286438,0.08217864483594894,1
bottle,OFT_UNet,0.35,5.5,0.023790424689650536,0.0015307017602026463,0.8975536823272705,0.17180274426937103,0.07753192633390427,1
bottle,OFT_UNet,0.35,5.5,0.021318426355719566,0.001313971821218729,0.9314643740653992,0.12492115795612335,0.13174258172512054,1
bottle,OFT_UNet,0.35,5.5,0.02342754229903221,0.0017763979267328978,0.9218980669975281,0.13224682211875916,0.16972988843917847,1
bottle,OFT_UNet,0.35,5.5,0.02436709962785244,0.0018733700271695852,0.9152776002883911,0.14220470190048218,0.15114669501781464,1
bottle,OFT_UNet,0.35,5.5,0.024025753140449524,0.0018161346670240164,0.9144014716148376,0.1418103575706482,0.13918708264827728,1
bottle,OFT_UNet,0.35,5.5,0.02325650118291378,0.0018124127527698874,0.9272152185440063,0.13703088462352753,0.09128154814243317,1
bottle,OFT_UNet,0.35,5.5,0.020311951637268066,0.0010749956127256155,0.9280755519866943,0.1332586258649826,0.0652998834848404,1
bottle,OFT_UNet,0.35,5.5,0.02214672975242138,0.0013691103085875511,0.9302594661712646,0.13829797506332397,0.1003735288977623,1
bottle,OFT_UNet,0.35,5.5,0.021200096234679222,0.001303529366850853,0.9371328353881836,0.1252596527338028,0.16916526854038239,1
bottle,OFT_UNet,0.35,5.5,0.022119393572211266,0.0012515708804130554,0.913801372051239,0.1468312293291092,0.06044108420610428,1
bottle,OFT_UNet,0.35,5.5,0.02239491604268551,0.001369041739962995,0.9294081926345825,0.12534818053245544,0.0774574875831604,1
bottle,OFT_UNet,0.35,5.5,0.02324071153998375,0.0017154430970549583,0.9274859428405762,0.13376310467720032,0.1441308856010437,1
bottle,OFT_UNet,0.35,5.5,0.021362122148275375,0.001308088074438274,0.9323167204856873,0.12756387889385223,0.09724947810173035,1
bottle,OFT_UNet,0.35,5.5,0.024044668301939964,0.001810804009437561,0.9136550426483154,0.14911572635173798,0.10678253322839737,1
bottle,OFT_UNet,0.35,5.5,0.021472465246915817,0.001279122894629836,0.9262155294418335,0.12663881480693817,0.11812157928943634,1
bottle,OFT_UNet,0.35,5.5,0.020766839385032654,0.0012148648966103792,0.9331079721450806,0.11757711321115494,0.1183142215013504,1
bottle,OFT_UNet,0.35,5.5,0.02158672735095024,0.001190365757793188,0.9249058961868286,0.1442679464817047,0.07390320301055908,1
bottle,OFT_UNet,0.35,5.5,0.02087336592376232,0.001221156446263194,0.9318320751190186,0.12810932099819183,0.09438328444957733,1
bottle,OFT_UNet,0.35,5.5,0.023114293813705444,0.0015819119289517403,0.9281343817710876,0.13375501334667206,0.0818391740322113,1
bottle,OFT_UNet,0.35,5.5,0.023623421788215637,0.0018727699061855674,0.9239541888237,0.14024551212787628,0.11669349670410156,1
bottle,OFT_UNet,0.35,5.5,0.021409720182418823,0.001404391136020422,0.9205721616744995,0.13376620411872864,0.1540428251028061,1
bottle,OFT_UNet,0.35,5.5,0.023497015237808228,0.001703756395727396,0.9120089411735535,0.14222915470600128,0.14432279765605927,1
bottle,OFT_UNet,0.35,5.5,0.022444745525717735,0.0014930504839867353,0.9316549301147461,0.12621992826461792,0.15125112235546112,1
bottle,OFT_UNet,0.35,5.5,0.019675511866807938,0.0008308053947985172,0.9324371814727783,0.1365886628627777,0.062881700694561,1
bottle,OFT_UNet,0.35,5.5,0.020553600043058395,0.00091917923418805,0.9240915775299072,0.13225559890270233,0.0550953708589077,1
bottle,OFT_UNet,0.35,5.5,0.020837627351284027,0.0010298382258042693,0.9360997080802917,0.12532225251197815,0.0653403177857399,1
bottle,OFT_UNet,0.35,5.5,0.02116325870156288,0.001172263058833778,0.9317969083786011,0.12862060964107513,0.08479452133178711,1
bottle,OFT_UNet,0.35,5.5,0.020747490227222443,0.0010204254649579525,0.9403632879257202,0.1260877400636673,0.031252503395080566,1
bottle,OFT_UNet,0.35,5.5,0.023845098912715912,0.001349169760942459,0.9113938212394714,0.14468248188495636,0.05072944983839989,1
bottle,OFT_UNet,0.35,5.5,0.024512719362974167,0.0013947440311312675,0.90022873878479,0.14590325951576233,0.06088443845510483,1
bottle,OFT_UNet,0.35,5.5,0.024127796292304993,0.0016885166987776756,0.9200314283370972,0.15001180768013,0.08827900141477585,1
bottle,OFT_UNet,0.35,5.5,0.022563189268112183,0.0010179553646594286,0.8886410593986511,0.1459725946187973,0.08746733516454697,1
bottle,OFT_UNet,0.35,5.5,0.02121794782578945,0.0010425378568470478,0.9183362722396851,0.13988444209098816,0.0681443139910698,1
bottle,OFT_UNet,0.35,5.5,0.023159226402640343,0.001102834357880056,0.9125296473503113,0.13454324007034302,0.049453940242528915,1
bottle,OFT_UNet,0.35,5.5,0.022899869829416275,0.0011740250047296286,0.9154706001281738,0.1408694088459015,0.08793481439352036,1
bottle,OFT_UNet,0.35,5.5,0.022741954773664474,0.0011547311441972852,0.9064752459526062,0.14028751850128174,0.060703445225954056,1
bottle,OFT_UNet,0.35,5.5,0.0214358102530241,0.0010359532898291945,0.9300776720046997,0.13732145726680756,0.03900427743792534,1
bottle,OFT_UNet,0.35,5.5,0.02190307155251503,0.0013092196313664317,0.9304906725883484,0.13325156271457672,0.12941016256809235,1
bottle,OFT_UNet,0.35,5.5,0.02234077826142311,0.001133916899561882,0.9119093418121338,0.13873662054538727,0.0655229315161705,1
bottle,OFT_UNet,0.35,5.5,0.02252274751663208,0.0012452995870262384,0.9147068858146667,0.14380453526973724,0.048988621681928635,1
bottle,OFT_UNet,0.35,5.5,0.02367754839360714,0.0015190672129392624,0.9079744219779968,0.15975071489810944,0.14484494924545288,1
bottle,OFT_UNet,0.35,5.5,0.021755626425147057,0.0014089001342654228,0.9403387904167175,0.12720246613025665,0.09707769751548767,1
bottle,OFT_UNet,0.35,5.5,0.02141088992357254,0.0011617484269663692,0.9343315958976746,0.1259356141090393,0.0668012723326683,1
bottle,OFT_UNet,0.35,5.5,0.02297811210155487,0.0012111109681427479,0.9071091413497925,0.146439328789711,0.06221373379230499,1
bottle,OFT_UNet,0.35,5.5,0.020916908979415894,0.0011307684471830726,0.9415790438652039,0.11817949265241623,0.07079096883535385,0
bottle,OFT_UNet,0.35,5.5,0.019906092435121536,0.0009675297769717872,0.9476386308670044,0.11656869947910309,0.04721560701727867,0
bottle,OFT_UNet,0.35,5.5,0.0224619060754776,0.001311718369834125,0.9352778792381287,0.12056944519281387,0.06240976229310036,0
bottle,OFT_UNet,0.35,5.5,0.020261209458112717,0.0010862004710361362,0.9462482333183289,0.11408589780330658,0.10249577462673187,0
bottle,OFT_UNet,0.35,5.5,0.01990819349884987,0.0009521542815491557,0.9451612234115601,0.11689213663339615,0.05265810340642929,0
bottle,OFT_UNet,0.35,5.5,0.020121576264500618,0.0010145761771127582,0.9426907300949097,0.1211492121219635,0.04847751557826996,0
bottle,OFT_UNet,0.35,5.5,0.021472901105880737,0.0012091605458408594,0.934787929058075,0.11932247877120972,0.09917265176773071,0
bottle,OFT_UNet,0.35,5.5,0.021795909851789474,0.0011370331048965454,0.9340924620628357,0.11808110773563385,0.05378959700465202,0
bottle,OFT_UNet,0.35,5.5,0.02069890685379505,0.0011297808960080147,0.9469873905181885,0.11315423250198364,0.08172503858804703,0
bottle,OFT_UNet,0.35,5.5,0.020350351929664612,0.0009742433903738856,0.9448826313018799,0.12402351200580597,0.03915001079440117,0
bottle,OFT_UNet,0.35,5.5,0.0211111418902874,0.0011292558629065752,0.9380992650985718,0.12036238610744476,0.0857190489768982,0
bottle,OFT_UNet,0.35,5.5,0.021241381764411926,0.0011674503330141306,0.9386453032493591,0.11870986968278885,0.06310296803712845,0
bottle,OFT_UNet,0.35,5.5,0.021576283499598503,0.0011425449047237635,0.931239128112793,0.13000072538852692,0.040744319558143616,0
bottle,OFT_UNet,0.35,5.5,0.020675763487815857,0.0010352591052651405,0.9419775009155273,0.12210158258676529,0.04999108612537384,0
bottle,OFT_UNet,0.35,5.5,0.021889105439186096,0.001186224864795804,0.93856281042099,0.11898969113826752,0.03787064552307129,0
bottle,OFT_UNet,0.35,5.5,0.02096547745168209,0.0010430394904688,0.935161292552948,0.12414106726646423,0.06373923271894455,0
bottle,OFT_UNet,0.35,5.5,0.02056117355823517,0.0010663027642294765,0.9422589540481567,0.1211804524064064,0.05779214948415756,0
bottle,OFT_UNet,0.35,5.5,0.020531106740236282,0.0010731035144999623,0.943710446357727,0.11830203235149384,0.08838637173175812,0
bottle,OFT_UNet,0.35,5.5,0.020002393051981926,0.0009153777500614524,0.9397372007369995,0.1256130337715149,0.050753846764564514,0
bottle,OFT_UNet,0.35,5.5,0.022636111825704575,0.0012352755293250084,0.9375734329223633,0.11948271095752716,0.06170367822051048,0
bottle,OFT_UNet,0.35,6.5,0.0247021596878767,0.0015814867801964283,0.8935637474060059,0.1733226180076599,0.04943693429231644,1
bottle,OFT_UNet,0.35,6.5,0.023801133036613464,0.001729643321596086,0.896518349647522,0.16584983468055725,0.1820743978023529,1
bottle,OFT_UNet,0.35,6.5,0.02403513714671135,0.0014229657826945186,0.8842395544052124,0.17914611101150513,0.07230618596076965,1
bottle,OFT_UNet,0.35,6.5,0.02385055087506771,0.0013974955072626472,0.8939154148101807,0.20846854150295258,0.044112514704465866,1
bottle,OFT_UNet,0.35,6.5,0.023941194638609886,0.0019049535039812326,0.9150930643081665,0.14068347215652466,0.09429783374071121,1
bottle,OFT_UNet,0.35,6.5,0.023867011070251465,0.0016173198819160461,0.9159505367279053,0.14282821118831635,0.10422511398792267,1
bottle,OFT_UNet,0.35,6.5,0.024157902225852013,0.0015964831691235304,0.8986079692840576,0.1817423552274704,0.08171424269676208,1
bottle,OFT_UNet,0.35,6.5,0.022843610495328903,0.001312152249738574,0.9009105563163757,0.1797303557395935,0.06988580524921417,1
bottle,OFT_UNet,0.35,6.5,0.023993752896785736,0.0016101463697850704,0.9102941751480103,0.16533735394477844,0.12607555091381073,1
bottle,OFT_UNet,0.35,6.5,0.023019319400191307,0.0013992029707878828,0.9070148468017578,0.1480327844619751,0.10831145197153091,1
bottle,OFT_UNet,0.35,6.5,0.022286608815193176,0.0012950480449944735,0.908852219581604,0.16146856546401978,0.14107665419578552,1
bottle,OFT_UNet,0.35,6.5,0.02376055344939232,0.0017764472868293524,0.9048304557800293,0.14344210922718048,0.286713182926178,1
bottle,OFT_UNet,0.35,6.5,0.0231596902012825,0.001553395646624267,0.9139981269836426,0.15501323342323303,0.09662365913391113,1
bottle,OFT_UNet,0.35,6.5,0.02574068307876587,0.0017932396149262786,0.8759969472885132,0.17540840804576874,0.06749846041202545,1
bottle,OFT_UNet,0.35,6.5,0.022543679922819138,0.001562486169859767,0.9233353137969971,0.1398337036371231,0.23983134329319,1
bottle,OFT_UNet,0.35,6.5,0.023224255070090294,0.0014748325338587165,0.9137076735496521,0.15146273374557495,0.10192999988794327,1
bottle,OFT_UNet,0.35,6.5,0.024944540113210678,0.001710185082629323,0.894723117351532,0.17632852494716644,0.08252570033073425,1
bottle,OFT_UNet,0.35,6.5,0.023630481213331223,0.0016711633652448654,0.9020883440971375,0.1718839704990387,0.09118659794330597,1
bottle,OFT_UNet,0.35,6.5,0.025689726695418358,0.0019297967664897442,0.8956202268600464,0.17638464272022247,0.08278968185186386,1
bottle,OFT_UNet,0.35,6.5,0.024722089990973473,0.0016511210706084967,0.8899447321891785,0.17627111077308655,0.08503954112529755,1
bottle,OFT_UNet,0.35,6.5,0.022158747538924217,0.0014359107008203864,0.9267996549606323,0.12882055342197418,0.15011264383792877,1
bottle,OFT_UNet,0.35,6.5,0.024399852380156517,0.001918054069392383,0.915675163269043,0.13755373656749725,0.17595864832401276,1
bottle,OFT_UNet,0.35,6.5,0.025538384914398193,0.0020494693890213966,0.9085440635681152,0.1475871503353119,0.15300597250461578,1
bottle,OFT_UNet,0.35,6.5,0.02484486997127533,0.0019417805597186089,0.9092957377433777,0.14541906118392944,0.1530207246541977,1
bottle,OFT_UNet,0.35,6.5,0.0244040098041296,0.0019838218577206135,0.9207648038864136,0.14118090271949768,0.09622836112976074,1
bottle,OFT_UNet,0.35,6.5,0.021408334374427795,0.001280438038520515,0.9184867739677429,0.14011439681053162,0.08762162923812866,1
bottle,OFT_UNet,0.35,6.5,0.022968735545873642,0.0014712910633534193,0.9255017042160034,0.14213472604751587,0.10100989788770676,1
bottle,OFT_UNet,0.35,6.5,0.022025883197784424,0.001418574946001172,0.9323067665100098,0.13122940063476562,0.18057918548583984,1
bottle,OFT_UNet,0.35,6.5,0.022804107517004013,0.00132805947214365,0.9085254669189453,0.15074852108955383,0.06087495759129524,1
bottle,OFT_UNet,0.35,6.5,0.023251011967658997,0.0014897201908752322,0.9243757128715515,0.1298064887523651,0.08576153218746185,1
bottle,OFT_UNet,0.35,6.5,0.02428947016596794,0.00187975715380162,0.9214134216308594,0.13862988352775574,0.16019579768180847,1
bottle,OFT_UNet,0.35,6.5,0.02237449586391449,0.0014851081650704145,0.9247741103172302,0.1331227570772171,0.1007930114865303,1
bottle,OFT_UNet,0.35,6.5,0.024740707129240036,0.0019070745911449194,0.9088151454925537,0.15268929302692413,0.10742849111557007,1
bottle,OFT_UNet,0.35,6.5,0.022365689277648926,0.0013918116455897689,0.9212560653686523,0.129832461476326,0.12119989097118378,1
bottle,OFT_UNet,0.35,6.5,0.021444713696837425,0.0013153369072824717,0.9284377098083496,0.12110387533903122,0.12281163781881332,1
bottle,OFT_UNet,0.35,6.5,0.022268302738666534,0.0012728392612189054,0.9196890592575073,0.14836585521697998,0.07440852373838425,1
bottle,OFT_UNet,0.35,6.5,0.021809164434671402,0.0013674974907189608,0.9254558086395264,0.13292360305786133,0.114590123295784,1
bottle,OFT_UNet,0.35,6.5,0.02406591735780239,0.0017222545575350523,0.9229440689086914,0.13721753656864166,0.08434823155403137,1
bottle,OFT_UNet,0.35,6.5,0.024358268827199936,0.00199249479919672,0.9199330806732178,0.14376121759414673,0.11306094378232956,1
bottle,OFT_UNet,0.35,6.5,0.022043853998184204,0.00149508414324373,0.9161027669906616,0.1372860074043274,0.1827702522277832,1
bottle,OFT_UNet,0.35,6.5,0.02437114343047142,0.0018380486872047186,0.9065560698509216,0.14563515782356262,0.14097358286380768,1
bottle,OFT_UNet,0.35,6.5,0.023452982306480408,0.001652884646318853,0.9246300458908081,0.1331058144569397,0.15948887169361115,1
bottle,OFT_UNet,0.35,6.5,0.02020960859954357,0.0008830276201479137,0.928463876247406,0.13877561688423157,0.06545142829418182,1
bottle,OFT_UNet,0.35,6.5,0.02106127142906189,0.0009766563307493925,0.9203019142150879,0.13479317724704742,0.06307635456323624,1
bottle,OFT_UNet,0.35,6.5,0.021460779011249542,0.001088439836166799,0.9318910837173462,0.1299663782119751,0.06453713029623032,1
bottle,OFT_UNet,0.35,6.5,0.02199431322515011,0.0012844924349337816,0.9263805150985718,0.13200920820236206,0.09490828961133957,1
bottle,OFT_UNet,0.35,6.5,0.021452710032463074,0.0010973825119435787,0.9360272884368896,0.13077160716056824,0.036268364638090134,1
bottle,OFT_UNet,0.35,6.5,0.024366198107600212,0.0014151153154671192,0.9082659482955933,0.1483057290315628,0.054231561720371246,1
bottle,OFT_UNet,0.35,6.5,0.025104468688368797,0.0014855562476441264,0.8982264399528503,0.14827950298786163,0.07567324489355087,1
bottle,OFT_UNet,0.35,6.5,0.02493150532245636,0.0018027363112196326,0.9149689674377441,0.1543070673942566,0.09039047360420227,1
bottle,OFT_UNet,0.35,6.5,0.02329370006918907,0.001095037441700697,0.881100058555603,0.14840245246887207,0.08544256538152695,1
bottle,OFT_UNet,0.35,6.5,0.022050801664590836,0.0011362782679498196,0.911214292049408,0.1436111479997635,0.07830864936113358,1
bottle,OFT_UNet,0.35,6.5,0.023599646985530853,0.0011491039767861366,0.909080982208252,0.13666106760501862,0.04907138645648956,1
bottle,OFT_UNet,0.35,6.5,0.0237337164580822,0.0012733195908367634,0.9103182554244995,0.14368169009685516,0.10277186334133148,1
bottle,OFT_UNet,0.35,6.5,0.02353261224925518,0.0012385407462716103,0.8998473882675171,0.14268767833709717,0.05851907283067703,1
bottle,OFT_UNet,0.35,6.5,0.022465046495199203,0.001163665670901537,0.91858971118927,0.14367890357971191,0.041078802198171616,1
bottle,OFT_UNet,0.35,6.5,0.02267013117671013,0.0014025972923263907,0.9251728057861328,0.1378951519727707,0.1293918937444687,1
bottle,OFT_UNet,0.35,6.5,0.023090362548828125,0.0012168607208877802,0.9065636992454529,0.14163413643836975,0.07398012280464172,1
bottle,OFT_UNet,0.35,6.5,0.023819807916879654,0.0014872937463223934,0.9038815498352051,0.1497935801744461,0.10479177534580231,1
bottle,OFT_UNet,0.35,6.5,0.024475272744894028,0.0016261199489235878,0.9031100273132324,0.16215994954109192,0.15443997085094452,1
bottle,OFT_UNet,0.35,6.5,0.022976715117692947,0.0016059745103120804,0.9312853813171387,0.13585884869098663,0.09406253695487976,1
bottle,OFT_UNet,0.35,6.5,0.02239523082971573,0.0012978424783796072,0.9293125867843628,0.12969501316547394,0.07171556353569031,1
bottle,OFT_UNet,0.35,6.5,0.023887544870376587,0.0013379817828536034,0.9001220464706421,0.149580180644989,0.08418665826320648,1
bottle,OFT_UNet,0.35,6.5,0.021959278732538223,0.0013003014028072357,0.9339150190353394,0.12520086765289307,0.08086833357810974,0
bottle,OFT_UNet,0.35,6.5,0.02080712839961052,0.0011084119323641062,0.94093918800354,0.1229032650589943,0.05507507175207138,0
bottle,OFT_UNet,0.35,6.5,0.023282945156097412,0.0014257077127695084,0.9308532476425171,0.12517400085926056,0.06566920876502991,0
bottle,OFT_UNet,0.35,6.5,0.021413177251815796,0.0012892581289634109,0.9388081431388855,0.12133833765983582,0.13494190573692322,0
bottle,OFT_UNet,0.35,6.5,0.020875301212072372,0.0010895173763856292,0.9391355514526367,0.12264427542686462,0.06009545549750328,0
bottle,OFT_UNet,0.35,6.5,0.021048925817012787,0.0011380749056115746,0.9367092847824097,0.12654872238636017,0.051516368985176086,0
bottle,OFT_UNet,0.35,6.5,0.022818034514784813,0.0014424356631934643,0.9256278872489929,0.1270393282175064,0.11953043937683105,0
bottle,OFT_UNet,0.35,6.5,0.02258353680372238,0.0012336155632510781,0.9287564158439636,0.12233080714941025,0.05590079724788666,0
bottle,OFT_UNet,0.35,6.5,0.02187633141875267,0.0013225513976067305,0.9386136531829834,0.11991703510284424,0.09988074004650116,0
bottle,OFT_UNet,0.35,6.5,0.021041251718997955,0.001063357456587255,0.939534068107605,0.13019779324531555,0.04770892485976219,0
bottle,OFT_UNet,0.35,6.5,0.022010501474142075,0.0012553548440337181,0.9327120780944824,0.12388135492801666,0.0963873490691185,0
bottle,OFT_UNet,0.35,6.5,0.022240087389945984,0.0013227559393271804,0.9325780272483826,0.12321105599403381,0.06621330231428146,0
bottle,OFT_UNet,0.35,6.5,0.022311381995677948,0.0012319457018747926,0.9260802268981934,0.13523614406585693,0.0483352392911911,0
bottle,OFT_UNet,0.35,6.5,0.021939855068922043,0.0012449066853150725,0.9304032325744629,0.1288355439901352,0.0784808099269867,0
bottle,OFT_UNet,0.35,6.5,0.02268761396408081,0.0012908073840662837,0.9337235689163208,0.1245240718126297,0.04297948628664017,0
bottle,OFT_UNet,0.35,6.5,0.021583300083875656,0.001118845771998167,0.9299259185791016,0.12946762144565582,0.06450237333774567,0
bottle,OFT_UNet,0.35,6.5,0.021226933225989342,0.0011589510831981897,0.9381023645401001,0.12536436319351196,0.06124746426939964,0
bottle,OFT_UNet,0.35,6.5,0.021298658102750778,0.0011623215395957232,0.9382116794586182,0.12413318455219269,0.09525413811206818,0
bottle,OFT_UNet,0.35,6.5,0.020786700770258904,0.0010039594490081072,0.9345989227294922,0.1307523548603058,0.05882147699594498,0
bottle,OFT_UNet,0.35,6.5,0.02351192757487297,0.0013355277478694916,0.9331835508346558,0.12400641292333603,0.06141600012779236,0
bottle,OFT_UNet,0.35,7.5,0.02565208449959755,0.0017302806954830885,0.8859807848930359,0.17961286008358002,0.055795732885599136,1
bottle,OFT_UNet,0.35,7.5,0.024598989635705948,0.0018462780863046646,0.8899434804916382,0.17048369348049164,0.19063560664653778,1
bottle,OFT_UNet,0.35,7.5,0.02485445886850357,0.0015358338132500648,0.8774418830871582,0.1835893988609314,0.07437173277139664,1
bottle,OFT_UNet,0.35,7.5,0.024443775415420532,0.0014689238741993904,0.8888257741928101,0.21434637904167175,0.04698862507939339,1
bottle,OFT_UNet,0.35,7.5,0.025520965456962585,0.002207227051258087,0.9050776362419128,0.1483992338180542,0.11779487133026123,1
bottle,OFT_UNet,0.35,7.5,0.02539711818099022,0.001973482547327876,0.9022805094718933,0.15276336669921875,0.18765686452388763,1
bottle,OFT_UNet,0.35,7.5,0.02489200234413147,0.001700875349342823,0.8937098979949951,0.18512596189975739,0.08471257984638214,1
bottle,OFT_UNet,0.35,7.5,0.023614123463630676,0.001410095952451229,0.8955170512199402,0.18478304147720337,0.06897147744894028,1
bottle,OFT_UNet,0.35,7.5,0.024704312905669212,0.0017186159966513515,0.9048101902008057,0.16935673356056213,0.13599689304828644,1
bottle,OFT_UNet,0.35,7.5,0.024062497541308403,0.001524201943539083,0.8992810249328613,0.15372422337532043,0.1079028993844986,1
bottle,OFT_UNet,0.35,7.5,0.02303292416036129,0.0014478241791948676,0.9003225564956665,0.1653980165719986,0.2165200412273407,1
bottle,OFT_UNet,0.35,7.5,0.024766607210040092,0.0019410958047956228,0.8981248736381531,0.1489773988723755,0.300949364900589,1
bottle,OFT_UNet,0.35,7.5,0.024018025025725365,0.001650691032409668,0.907566249370575,0.16064347326755524,0.09638985246419907,1
bottle,OFT_UNet,0.35,7.5,0.026998093351721764,0.002078981138765812,0.8661961555480957,0.1797499805688858,0.10943984985351562,1
bottle,OFT_UNet,0.35,7.5,0.02385786548256874,0.001782543258741498,0.9110090136528015,0.14803475141525269,0.25011536478996277,1
bottle,OFT_UNet,0.35,7.5,0.023995613679289818,0.0015850107884034514,0.9079937934875488,0.15649092197418213,0.10240472853183746,1
bottle,OFT_UNet,0.35,7.5,0.025703733786940575,0.0018102789763361216,0.8880190849304199,0.1812536120414734,0.0890820249915123,1
bottle,OFT_UNet,0.35,7.5,0.02458561584353447,0.0017961998237296939,0.8947838544845581,0.17622160911560059,0.09051372855901718,1
bottle,OFT_UNet,0.35,7.5,0.02649405226111412,0.00206971587613225,0.8908710479736328,0.1794860064983368,0.08784064650535583,1
bottle,OFT_UNet,0.35,7.5,0.025897864252328873,0.0018657924374565482,0.8791642189025879,0.1835499107837677,0.09166411310434341,1
bottle,OFT_UNet,0.35,7.5,0.023104112595319748,0.0015929562505334616,0.920500636100769,0.13395579159259796,0.18072272837162018,1
bottle,OFT_UNet,0.35,7.5,0.02524730935692787,0.0020824503153562546,0.9093742370605469,0.1421581208705902,0.17931333184242249,1
bottle,OFT_UNet,0.35,7.5,0.026966016739606857,0.0023272919934242964,0.9005135297775269,0.15651291608810425,0.15595197677612305,1
bottle,OFT_UNet,0.35,7.5,0.02572345733642578,0.002079268917441368,0.9039653539657593,0.15027448534965515,0.15720921754837036,1
bottle,OFT_UNet,0.35,7.5,0.02594234049320221,0.0022513573057949543,0.9094986319541931,0.1483308970928192,0.11304689198732376,1
bottle,OFT_UNet,0.35,7.5,0.022809049114584923,0.0015976832946762443,0.908122718334198,0.14642316102981567,0.1447012722492218,1
bottle,OFT_UNet,0.35,7.5,0.023877747356891632,0.0015893718227744102,0.9199954271316528,0.1457086056470871,0.10175833106040955,1
bottle,OFT_UNet,0.35,7.5,0.022900355979800224,0.0015470979269593954,0.9260461330413818,0.1374608874320984,0.1945425122976303,1
bottle,OFT_UNet,0.35,7.5,0.023790892213582993,0.0014533307403326035,0.900588870048523,0.15658561885356903,0.061663493514060974,1
bottle,OFT_UNet,0.35,7.5,0.024183493107557297,0.0016324564348906279,0.9183342456817627,0.13474968075752258,0.0959368646144867,1
bottle,OFT_UNet,0.35,7.5,0.02521957829594612,0.002042614622041583,0.9155775308609009,0.14397138357162476,0.1765824407339096,1
bottle,OFT_UNet,0.35,7.5,0.023839324712753296,0.0017585079185664654,0.9147800207138062,0.14079563319683075,0.11386314779520035,1
bottle,OFT_UNet,0.35,7.5,0.025528674945235252,0.0020258701406419277,0.9039421081542969,0.15621210634708405,0.10695753991603851,1
bottle,OFT_UNet,0.35,7.5,0.02328484319150448,0.0015221796929836273,0.9150961637496948,0.13365794718265533,0.12352868169546127,1
bottle,OFT_UNet,0.35,7.5,0.02241761051118374,0.0014527331804856658,0.9197049140930176,0.12552525103092194,0.12804195284843445,1
bottle,OFT_UNet,0.35,7.5,0.02300402522087097,0.0013722765725106,0.9146682024002075,0.15303993225097656,0.07572103291749954,1
bottle,OFT_UNet,0.35,7.5,0.022879287600517273,0.0015452576335519552,0.9157945513725281,0.14066529273986816,0.12691201269626617,1
bottle,OFT_UNet,0.35,7.5,0.025439821183681488,0.0019497063476592302,0.9115726947784424,0.14380262792110443,0.08653227984905243,1
bottle,OFT_UNet,0.35,7.5,0.02522476390004158,0.0021329112350940704,0.9149935245513916,0.14838171005249023,0.10916309058666229,1
bottle,OFT_UNet,0.35,7.5,0.022820232436060905,0.0015763503033667803,0.910751223564148,0.1420290768146515,0.17959581315517426,1
bottle,OFT_UNet,0.35,7.5,0.02526107057929039,0.0019864835776388645,0.9005395174026489,0.14960835874080658,0.13919439911842346,1
bottle,OFT_UNet,0.35,7.5,0.024676188826560974,0.001861455268226564,0.9157241582870483,0.14175228774547577,0.17078320682048798,1
bottle,OFT_UNet,0.35,7.5,0.020793266594409943,0.0009454417740926147,0.9234123229980469,0.14171846210956573,0.06857410073280334,1
bottle,OFT_UNet,0.35,7.5,0.021724272519350052,0.001054844236932695,0.915179431438446,0.13859006762504578,0.07520841062068939,1
bottle,OFT_UNet,0.35,7.5,0.022176330909132957,0.001168196089565754,0.9263973236083984,0.13510072231292725,0.06403469294309616,1
bottle,OFT_UNet,0.35,7.5,0.023047663271427155,0.00144347851164639,0.9177830219268799,0.13796864449977875,0.10460034012794495,1
bottle,OFT_UNet,0.35,7.5,0.022143017500638962,0.0011822981759905815,0.9306676387786865,0.1357971727848053,0.040455710142850876,1
bottle,OFT_UNet,0.35,7.5,0.025089090690016747,0.0015126655343919992,0.9034594893455505,0.1520540714263916,0.05886330083012581,1
bottle,OFT_UNet,0.35,7.5,0.025823555886745453,0.0016110114520415664,0.8941341638565063,0.1518118530511856,0.08963325619697571,1
bottle,OFT_UNet,0.35,7.5,0.02586561255156994,0.0019413898698985577,0.9092313647270203,0.15969979763031006,0.09172999113798141,1
bottle,OFT_UNet,0.35,7.5,0.024011701345443726,0.0011788716074079275,0.8733941912651062,0.15138490498065948,0.08454982191324234,1
bottle,OFT_UNet,0.35,7.5,0.023102140054106712,0.0012628266122192144,0.9012540578842163,0.14764529466629028,0.0874423161149025,1
bottle,OFT_UNet,0.35,7.5,0.024156048893928528,0.001210950082167983,0.9045467376708984,0.13978783786296844,0.049052584916353226,1
bottle,OFT_UNet,0.35,7.5,0.024616505950689316,0.0013854356948286295,0.9044747352600098,0.14673349261283875,0.11726643145084381,1
bottle,OFT_UNet,0.35,7.5,0.024493124336004257,0.0013535895850509405,0.8913297653198242,0.14808660745620728,0.05755675584077835,1
bottle,OFT_UNet,0.35,7.5,0.02363353595137596,0.0013480231864377856,0.9089012145996094,0.15025800466537476,0.09446685761213303,1
bottle,OFT_UNet,0.35,7.5,0.023500574752688408,0.0015090114902704954,0.9192250967025757,0.1429496705532074,0.12948699295520782,1
bottle,OFT_UNet,0.35,7.5,0.023867707699537277,0.0013112201122567058,0.9004265069961548,0.14450615644454956,0.08302449434995651,1
bottle,OFT_UNet,0.35,7.5,0.02522299811244011,0.001779282232746482,0.8941304087638855,0.15470221638679504,0.1519993096590042,1
bottle,OFT_UNet,0.35,7.5,0.02520759031176567,0.0017366984393447638,0.8980958461761475,0.16456720232963562,0.16621389985084534,1
bottle,OFT_UNet,0.35,7.5,0.02500035986304283,0.002002974506467581,0.9170107841491699,0.1452578902244568,0.12411350756883621,1
bottle,OFT_UNet,0.35,7.5,0.023742523044347763,0.0015377753879874945,0.9208012819290161,0.1359543353319168,0.09751607477664948,1
bottle,OFT_UNet,0.35,7.5,0.024931401014328003,0.001489168033003807,0.8924056887626648,0.1528332531452179,0.10739825665950775,1
bottle,OFT_UNet,0.35,7.5,0.023292576894164085,0.0015628072433173656,0.9270293712615967,0.13233326375484467,0.10726050287485123,0
bottle,OFT_UNet,0.35,7.5,0.021878082305192947,0.0013014476280659437,0.9334119558334351,0.12811970710754395,0.08082275837659836,0
bottle,OFT_UNet,0.35,7.5,0.024175316095352173,0.001550172222778201,0.9263178110122681,0.13036201894283295,0.06682974100112915,0
bottle,OFT_UNet,0.35,7.5,0.022837083786725998,0.0015528658404946327,0.9307515025138855,0.12823599576950073,0.1537749171257019,0
bottle,OFT_UNet,0.35,7.5,0.022216718643903732,0.0013068884145468473,0.9309390783309937,0.12841930985450745,0.09657592326402664,0
bottle,OFT_UNet,0.35,7.5,0.022030264139175415,0.0012643865775316954,0.9310910105705261,0.1304817944765091,0.060361940413713455,0
bottle,OFT_UNet,0.35,7.5,0.024622511118650436,0.0017956796800717711,0.9132429361343384,0.1343315839767456,0.14206203818321228,0
bottle,OFT_UNet,0.35,7.5,0.023539260029792786,0.001357024535536766,0.9218394160270691,0.12743116915225983,0.06254596263170242,0
bottle,OFT_UNet,0.35,7.5,0.023368563503026962,0.001610851613804698,0.9281449317932129,0.1289827525615692,0.15945255756378174,0
bottle,OFT_UNet,0.35,7.5,0.0218922421336174,0.001183273852802813,0.9346842169761658,0.13492050766944885,0.0637262612581253,0
bottle,OFT_UNet,0.35,7.5,0.02311611734330654,0.0014197423588484526,0.9245900511741638,0.12812848389148712,0.10773328691720963,0
bottle,OFT_UNet,0.35,7.5,0.023664142936468124,0.0015878219855949283,0.9229230284690857,0.13230222463607788,0.07553952187299728,0
bottle,OFT_UNet,0.35,7.5,0.023380126804113388,0.0013936072355136275,0.9173338413238525,0.14298829436302185,0.0558747798204422,0
bottle,OFT_UNet,0.35,7.5,0.023944661021232605,0.0016777965938672423,0.9150144457817078,0.14004650712013245,0.1451174020767212,0
bottle,OFT_UNet,0.35,7.5,0.02353973686695099,0.0014113038778305054,0.9284674525260925,0.13006992638111115,0.05034913867712021,0
bottle,OFT_UNet,0.35,7.5,0.02228451892733574,0.0012104251654818654,0.9237707853317261,0.13464774191379547,0.06750122457742691,0
bottle,OFT_UNet,0.35,7.5,0.022024251520633698,0.0012661865912377834,0.9327520728111267,0.13049685955047607,0.06425418704748154,0
bottle,OFT_UNet,0.35,7.5,0.022193625569343567,0.0012795244110748172,0.9318445920944214,0.13101133704185486,0.10164730250835419,0
bottle,OFT_UNet,0.35,7.5,0.021850064396858215,0.0011281598126515746,0.9287456274032593,0.1356055587530136,0.06661775708198547,0
bottle,OFT_UNet,0.35,7.5,0.024415340274572372,0.0014547798782587051,0.9280369281768799,0.12921613454818726,0.06166684255003929,0
bottle,OFT_UNet,0.4,5.5,0.025524888187646866,0.0017168804770335555,0.8844751119613647,0.1743682622909546,0.06085556000471115,1
bottle,OFT_UNet,0.4,5.5,0.024752676486968994,0.00209703273139894,0.8826335668563843,0.17046357691287994,0.32519111037254333,1
bottle,OFT_UNet,0.4,5.5,0.025417720898985863,0.001663080183789134,0.8638908863067627,0.1872248649597168,0.09803450107574463,1
bottle,OFT_UNet,0.4,5.5,0.025282755494117737,0.0015972437104210258,0.877422034740448,0.2228059321641922,0.06621433794498444,1
bottle,OFT_UNet,0.4,5.5,0.02418503165245056,0.0019540206994861364,0.9146265983581543,0.13823476433753967,0.10616663098335266,1
bottle,OFT_UNet,0.4,5.5,0.02440395951271057,0.001817573793232441,0.9043745994567871,0.14504151046276093,0.205760657787323,1
bottle,OFT_UNet,0.4,5.5,0.025153663009405136,0.0017954304348677397,0.8896268606185913,0.18490809202194214,0.09927336871623993,1
bottle,OFT_UNet,0.4,5.5,0.02386351488530636,0.0014273922424763441,0.890178382396698,0.18370045721530914,0.08441510051488876,1
bottle,OFT_UNet,0.4,5.5,0.025694122537970543,0.001995353028178215,0.8908292055130005,0.17507745325565338,0.2056337296962738,1
bottle,OFT_UNet,0.4,5.5,0.023463498800992966,0.0015698008937761188,0.8991540670394897,0.14993725717067719,0.19549870491027832,1
bottle,OFT_UNet,0.4,5.5,0.023110095411539078,0.0014295832952484488,0.897858738899231,0.16282919049263,0.17875026166439056,1
bottle,OFT_UNet,0.4,5.5,0.023937474936246872,0.0018374188803136349,0.9013575315475464,0.14384491741657257,0.31353357434272766,1
bottle,OFT_UNet,0.4,5.5,0.023570120334625244,0.0016696624225005507,0.911151111125946,0.15379676222801208,0.12030153721570969,1
bottle,OFT_UNet,0.4,5.5,0.02609267830848694,0.0018574632704257965,0.8695074319839478,0.1781570017337799,0.06793751567602158,1
bottle,OFT_UNet,0.4,5.5,0.02299456112086773,0.0017104739090427756,0.9199891090393066,0.14288410544395447,0.2927122712135315,1
bottle,OFT_UNet,0.4,5.5,0.024101730436086655,0.001673057908192277,0.9012791514396667,0.15384799242019653,0.1617971807718277,1
bottle,OFT_UNet,0.4,5.5,0.025814546272158623,0.0019102804362773895,0.8842577934265137,0.17889830470085144,0.10109499841928482,1
bottle,OFT_UNet,0.4,5.5,0.02435932122170925,0.0018100462621077895,0.8944700956344604,0.17414548993110657,0.11551472544670105,1
bottle,OFT_UNet,0.4,5.5,0.02656817063689232,0.0020291092805564404,0.8842372894287109,0.17858602106571198,0.0982593446969986,1
bottle,OFT_UNet,0.4,5.5,0.02535161003470421,0.001759055070579052,0.8827515840530396,0.1775435358285904,0.10284220427274704,1
bottle,OFT_UNet,0.4,5.5,0.022244958207011223,0.0014873234322294593,0.9248000979423523,0.129611998796463,0.18200726807117462,1
bottle,OFT_UNet,0.4,5.5,0.024723317474126816,0.002160007134079933,0.9089948534965515,0.13890068233013153,0.28322792053222656,1
bottle,OFT_UNet,0.4,5.5,0.02633487433195114,0.002617117017507553,0.8971754908561707,0.1473243534564972,0.2843179404735565,1
bottle,OFT_UNet,0.4,5.5,0.025737937539815903,0.002222305629402399,0.9013087153434753,0.14827802777290344,0.20748105645179749,1
bottle,OFT_UNet,0.4,5.5,0.024707943201065063,0.0020515869837254286,0.9202252626419067,0.14154845476150513,0.1054743081331253,1
bottle,OFT_UNet,0.4,5.5,0.021087326109409332,0.0011866018176078796,0.9223556518554688,0.13516908884048462,0.08396612852811813,1
bottle,OFT_UNet,0.4,5.5,0.02345658466219902,0.0016172807663679123,0.9202747344970703,0.14247602224349976,0.15789374709129333,1
bottle,OFT_UNet,0.4,5.5,0.022627942264080048,0.0016658883541822433,0.9222487807273865,0.12857459485530853,0.33163100481033325,1
bottle,OFT_UNet,0.4,5.5,0.02353549562394619,0.001433302997611463,0.9036755561828613,0.1514112651348114,0.0633525624871254,1
bottle,OFT_UNet,0.4,5.5,0.023488279432058334,0.0017232423415407538,0.9164291620254517,0.130407452583313,0.26617762446403503,1
bottle,OFT_UNet,0.4,5.5,0.024921033531427383,0.0021803732961416245,0.9144622683525085,0.13917000591754913,0.293831467628479,1
bottle,OFT_UNet,0.4,5.5,0.023360511288046837,0.001759363105520606,0.9162410497665405,0.13746127486228943,0.2052105814218521,1
bottle,OFT_UNet,0.4,5.5,0.025592200458049774,0.002110804431140423,0.9033576846122742,0.15405648946762085,0.12233196943998337,1
bottle,OFT_UNet,0.4,5.5,0.02266879193484783,0.0014732785057276487,0.9162302017211914,0.1307462751865387,0.12315241992473602,1
bottle,OFT_UNet,0.4,5.5,0.02214641496539116,0.001526960521005094,0.9203182458877563,0.12291117012500763,0.17113430798053741,1
bottle,OFT_UNet,0.4,5.5,0.022645261138677597,0.0013369466178119183,0.9166078567504883,0.14943626523017883,0.07236796617507935,1
bottle,OFT_UNet,0.4,5.5,0.02256590873003006,0.0015539373271167278,0.9181479215621948,0.13250721991062164,0.15443553030490875,1
bottle,OFT_UNet,0.4,5.5,0.024370472878217697,0.001794786541722715,0.9216418266296387,0.1393272876739502,0.10310253500938416,1
bottle,OFT_UNet,0.4,5.5,0.025272712111473083,0.002211869927123189,0.9124690890312195,0.14776793122291565,0.14438244700431824,1
bottle,OFT_UNet,0.4,5.5,0.02266957424581051,0.0016836769646033645,0.9081752300262451,0.1406962275505066,0.2373856008052826,1
bottle,OFT_UNet,0.4,5.5,0.024968763813376427,0.0020167359616607428,0.9004234075546265,0.14575231075286865,0.2068404257297516,1
bottle,OFT_UNet,0.4,5.5,0.024181177839636803,0.0020147806499153376,0.9156185984611511,0.1326715499162674,0.32914841175079346,1
bottle,OFT_UNet,0.4,5.5,0.020740903913974762,0.0009409545455127954,0.9229326248168945,0.14211714267730713,0.07429637014865875,1
bottle,OFT_UNet,0.4,5.5,0.021567799150943756,0.0010470784036442637,0.9154631495475769,0.13819339871406555,0.07085546851158142,1
bottle,OFT_UNet,0.4,5.5,0.022076880559325218,0.0011780227068811655,0.927708089351654,0.12900784611701965,0.07330802828073502,1
bottle,OFT_UNet,0.4,5.5,0.022311221808195114,0.0013633917551487684,0.9227225184440613,0.13349919021129608,0.10911159962415695,1
bottle,OFT_UNet,0.4,5.5,0.021828381344676018,0.001166230533272028,0.9326767921447754,0.1302768439054489,0.037245530635118484,1
bottle,OFT_UNet,0.4,5.5,0.02529522404074669,0.0015499722212553024,0.9002140760421753,0.15256252884864807,0.054183173924684525,1
bottle,OFT_UNet,0.4,5.5,0.025695066899061203,0.0015794574283063412,0.8939080238342285,0.14872737228870392,0.07733436673879623,1
bottle,OFT_UNet,0.4,5.5,0.026464015245437622,0.0023086934816092253,0.9017014503479004,0.1616508662700653,0.12978951632976532,1
bottle,OFT_UNet,0.4,5.5,0.023660531267523766,0.0011283752974122763,0.8781651258468628,0.1516144871711731,0.09162279963493347,1
bottle,OFT_UNet,0.4,5.5,0.022564774379134178,0.0012034906540066004,0.9067224264144897,0.14835509657859802,0.07990165054798126,1
bottle,OFT_UNet,0.4,5.5,0.024513190612196922,0.0012600177433341742,0.9031810760498047,0.14282305538654327,0.061617784202098846,1
bottle,OFT_UNet,0.4,5.5,0.02429748885333538,0.0013669459149241447,0.9049832224845886,0.14583076536655426,0.11004284024238586,1
bottle,OFT_UNet,0.4,5.5,0.02412675879895687,0.001331200823187828,0.8976759910583496,0.14336532354354858,0.060315921902656555,1
bottle,OFT_UNet,0.4,5.5,0.02341824769973755,0.0013098627096042037,0.9135789275169373,0.15007111430168152,0.06213900446891785,1
bottle,OFT_UNet,0.4,5.5,0.023161372169852257,0.0014709084061905742,0.9232289791107178,0.1383315622806549,0.1303613930940628,1
bottle,OFT_UNet,0.4,5.5,0.023608652874827385,0.0012933730613440275,0.9016234278678894,0.14401157200336456,0.08306954801082611,1
bottle,OFT_UNet,0.4,5.5,0.023631349205970764,0.0013894553994759917,0.9095930457115173,0.14901676774024963,0.05854100361466408,1
bottle,OFT_UNet,0.4,5.5,0.025721371173858643,0.0018513755640015006,0.8945293426513672,0.16520342230796814,0.15230818092823029,1
bottle,OFT_UNet,0.4,5.5,0.023193523287773132,0.0017317387973889709,0.9312664866447449,0.13342449069023132,0.14339585602283478,1
bottle,OFT_UNet,0.4,5.5,0.022638922557234764,0.0013288231566548347,0.9273066520690918,0.12919436395168304,0.07514361292123795,1
bottle,OFT_UNet,0.4,5.5,0.024549543857574463,0.0014386193361133337,0.8936892747879028,0.1509196162223816,0.08340088278055191,1
bottle,OFT_UNet,0.4,5.5,0.022093933075666428,0.001322796568274498,0.9347156286239624,0.12328486144542694,0.0901351198554039,0
bottle,OFT_UNet,0.4,5.5,0.020968522876501083,0.0011330826673656702,0.9419732093811035,0.12008734047412872,0.05428057909011841,0
bottle,OFT_UNet,0.4,5.5,0.023867879062891006,0.0015055264811962843,0.9288079142570496,0.12511533498764038,0.06235598772764206,0
bottle,OFT_UNet,0.4,5.5,0.021315455436706543,0.001231473870575428,0.9412980079650879,0.11738444119691849,0.1148063912987709,0
bottle,OFT_UNet,0.4,5.5,0.021008532494306564,0.0011193853570148349,0.9384592771530151,0.1222902312874794,0.05996096134185791,0
bottle,OFT_UNet,0.4,5.5,0.02120993845164776,0.0011544277658686042,0.9365658760070801,0.1227368488907814,0.050314415246248245,0
bottle,OFT_UNet,0.4,5.5,0.022840507328510284,0.001389021403156221,0.9241398572921753,0.12613961100578308,0.12314306199550629,0
bottle,OFT_UNet,0.4,5.5,0.023050149902701378,0.0013105463003739715,0.9266999959945679,0.12264571338891983,0.06324773281812668,0
bottle,OFT_UNet,0.4,5.5,0.02175181917846203,0.0012577552115544677,0.9423730373382568,0.11683258414268494,0.08863281458616257,0
bottle,OFT_UNet,0.4,5.5,0.021440647542476654,0.001121701207011938,0.9399275779724121,0.126331627368927,0.0517398938536644,0
bottle,OFT_UNet,0.4,5.5,0.022186702117323875,0.001297874259762466,0.932083010673523,0.1222083568572998,0.09694887697696686,0
bottle,OFT_UNet,0.4,5.5,0.022637641057372093,0.0013472125865519047,0.9323737025260925,0.12301602959632874,0.06999634206295013,0
bottle,OFT_UNet,0.4,5.5,0.02262869104743004,0.0012954723788425326,0.9254013299942017,0.13314174115657806,0.06108316406607628,0
bottle,OFT_UNet,0.4,5.5,0.021902691572904587,0.0011929746251553297,0.9348492622375488,0.12503573298454285,0.05791966989636421,0
bottle,OFT_UNet,0.4,5.5,0.023329317569732666,0.0013806860661134124,0.9309035539627075,0.12449346482753754,0.04083845019340515,0
bottle,OFT_UNet,0.4,5.5,0.02219088189303875,0.0012097047874704003,0.9265047311782837,0.1300903707742691,0.0836939811706543,0
bottle,OFT_UNet,0.4,5.5,0.021902546286582947,0.0012611071579158306,0.9340825080871582,0.12615659832954407,0.06685014069080353,0
bottle,OFT_UNet,0.4,5.5,0.021717101335525513,0.0012425095774233341,0.9356693029403687,0.12415793538093567,0.10662664473056793,0
bottle,OFT_UNet,0.4,5.5,0.021160021424293518,0.0010582164395600557,0.9326793551445007,0.1309233009815216,0.0718478113412857,0
bottle,OFT_UNet,0.4,5.5,0.023987574502825737,0.0014073445927351713,0.9301483631134033,0.12408420443534851,0.04987882822751999,0
bottle,OFT_UNet,0.4,6.5,0.026525333523750305,0.0018779896199703217,0.8766381740570068,0.1807432323694229,0.06217127665877342,1
bottle,OFT_UNet,0.4,6.5,0.02565011940896511,0.002221893286332488,0.8757877349853516,0.1752048283815384,0.32735928893089294,1
bottle,OFT_UNet,0.4,6.5,0.02622362971305847,0.001768799964338541,0.8562686443328857,0.1918525993824005,0.10010729730129242,1
bottle,OFT_UNet,0.4,6.5,0.025960605591535568,0.0016868074890226126,0.8698047399520874,0.2273828685283661,0.06793231517076492,1
bottle,OFT_UNet,0.4,6.5,0.025367816910147667,0.002161832991987467,0.9069141149520874,0.14447572827339172,0.10909339785575867,1
bottle,OFT_UNet,0.4,6.5,0.025676816701889038,0.002022066619247198,0.8952946662902832,0.15444086492061615,0.21063241362571716,1
bottle,OFT_UNet,0.4,6.5,0.025958269834518433,0.0019198836525902152,0.8838643431663513,0.18878725171089172,0.10610606521368027,1
bottle,OFT_UNet,0.4,6.5,0.02448221668601036,0.0015204077353700995,0.8842012286186218,0.18851059675216675,0.08318581432104111,1
bottle,OFT_UNet,0.4,6.5,0.02666722796857357,0.002172484528273344,0.8827868700027466,0.17916424572467804,0.22744770348072052,1
bottle,OFT_UNet,0.4,6.5,0.024312734603881836,0.0016764176543802023,0.8931748270988464,0.15406771004199982,0.19764642417430878,1
bottle,OFT_UNet,0.4,6.5,0.023707285523414612,0.0014930081088095903,0.8951985836029053,0.16612404584884644,0.15016064047813416,1
bottle,OFT_UNet,0.4,6.5,0.024852542206645012,0.0019724250305444,0.8954684138298035,0.1486915647983551,0.3181079626083374,1
bottle,OFT_UNet,0.4,6.5,0.024354442954063416,0.001779827638529241,0.9063142538070679,0.15970581769943237,0.11989252269268036,1
bottle,OFT_UNet,0.4,6.5,0.027007918804883957,0.0020082222763448954,0.8620586395263672,0.18122266232967377,0.07861477881669998,1
bottle,OFT_UNet,0.4,6.5,0.024106483906507492,0.001870250329375267,0.9130508303642273,0.14827269315719604,0.30762022733688354,1
bottle,OFT_UNet,0.4,6.5,0.02493094466626644,0.001805893611162901,0.895514965057373,0.15779760479927063,0.1785162389278412,1
bottle,OFT_UNet,0.4,6.5,0.026754356920719147,0.002031734213232994,0.8769630193710327,0.18432381749153137,0.10995744168758392,1
bottle,OFT_UNet,0.4,6.5,0.025254113599658012,0.001934889005497098,0.8866429328918457,0.17946463823318481,0.12949976325035095,1
bottle,OFT_UNet,0.4,6.5,0.02740703895688057,0.0021704784594476223,0.8742169141769409,0.18374094367027283,0.11059857904911041,1
bottle,OFT_UNet,0.4,6.5,0.026298493146896362,0.0019043803913518786,0.8744620084762573,0.18433859944343567,0.10858219116926193,1
bottle,OFT_UNet,0.4,6.5,0.023236816748976707,0.001631175633519888,0.9191386103630066,0.1344728022813797,0.18364456295967102,1
bottle,OFT_UNet,0.4,6.5,0.025733739137649536,0.0022849608212709427,0.902823805809021,0.14492540061473846,0.2845369577407837,1
bottle,OFT_UNet,0.4,6.5,0.027548592537641525,0.0028657629154622555,0.8890918493270874,0.15310195088386536,0.33255448937416077,1
bottle,OFT_UNet,0.4,6.5,0.026961613446474075,0.002471955493092537,0.8938043117523193,0.1525590866804123,0.231942281126976,1
bottle,OFT_UNet,0.4,6.5,0.02603398822247982,0.0022505398374050856,0.9133709669113159,0.1463402509689331,0.11078783124685287,1
bottle,OFT_UNet,0.4,6.5,0.022360410541296005,0.0014053776394575834,0.9128696918487549,0.14230355620384216,0.09089970588684082,1
bottle,OFT_UNet,0.4,6.5,0.02463637851178646,0.0018514718394726515,0.9112281799316406,0.1474316567182541,0.238327294588089,1
bottle,OFT_UNet,0.4,6.5,0.02359650656580925,0.0018035032553598285,0.9159902334213257,0.13703584671020508,0.3307574689388275,1
bottle,OFT_UNet,0.4,6.5,0.024466093629598618,0.0015489503275603056,0.8959199786186218,0.15734480321407318,0.06345426291227341,1
bottle,OFT_UNet,0.4,6.5,0.02447454445064068,0.0018622472416609526,0.910720705986023,0.13555465638637543,0.2688769996166229,1
bottle,OFT_UNet,0.4,6.5,0.025875961408019066,0.002357439836487174,0.908143937587738,0.14443965256214142,0.3343733251094818,1
bottle,OFT_UNet,0.4,6.5,0.025305993854999542,0.0021625137887895107,0.9032835364341736,0.14509232342243195,0.2482769638299942,1
bottle,OFT_UNet,0.4,6.5,0.0264833252876997,0.002230724785476923,0.8979630470275879,0.1586000770330429,0.12220948189496994,1
bottle,OFT_UNet,0.4,6.5,0.02350027859210968,0.0015824928414076567,0.9116732478141785,0.13360357284545898,0.124294213950634,1
bottle,OFT_UNet,0.4,6.5,0.023068290203809738,0.0016727991169318557,0.9138519167900085,0.12730692327022552,0.1788410246372223,1
bottle,OFT_UNet,0.4,6.5,0.02347547933459282,0.0014602564042434096,0.9104245901107788,0.15487180650234222,0.07213729619979858,1
bottle,OFT_UNet,0.4,6.5,0.023796305060386658,0.0017771662678569555,0.9078213572502136,0.1384291648864746,0.20094221830368042,1
bottle,OFT_UNet,0.4,6.5,0.025494296103715897,0.0019762010779231787,0.915834903717041,0.14413532614707947,0.10843559354543686,1
bottle,OFT_UNet,0.4,6.5,0.026165781542658806,0.002365291118621826,0.9074637293815613,0.15156704187393188,0.13848759233951569,1
bottle,OFT_UNet,0.4,6.5,0.023532148450613022,0.0018275942420586944,0.9015342593193054,0.14617806673049927,0.26744163036346436,1
bottle,OFT_UNet,0.4,6.5,0.025927215814590454,0.0021856490056961775,0.8933097124099731,0.15092375874519348,0.20708516240119934,1
bottle,OFT_UNet,0.4,6.5,0.025335481390357018,0.0022418596781790257,0.9072030782699585,0.14102718234062195,0.3640509247779846,1
bottle,OFT_UNet,0.4,6.5,0.021440256386995316,0.0010240047704428434,0.9169394969940186,0.14556293189525604,0.08586019277572632,1
bottle,OFT_UNet,0.4,6.5,0.022333066910505295,0.0011420320952311158,0.9096698760986328,0.14266782999038696,0.08664895594120026,1
bottle,OFT_UNet,0.4,6.5,0.02268674224615097,0.0012522147735580802,0.923252284526825,0.13383224606513977,0.07359413802623749,1
bottle,OFT_UNet,0.4,6.5,0.02335897646844387,0.0015300180530175567,0.914862871170044,0.13891074061393738,0.12091945111751556,1
bottle,OFT_UNet,0.4,6.5,0.02287767454981804,0.0012991942930966616,0.925287663936615,0.1383364498615265,0.039915889501571655,1
bottle,OFT_UNet,0.4,6.5,0.026143891736865044,0.0016765579348430037,0.8949728012084961,0.15678760409355164,0.05982594937086105,1
bottle,OFT_UNet,0.4,6.5,0.026494614779949188,0.0017256902065128088,0.8888999819755554,0.15175282955169678,0.09437849372625351,1
bottle,OFT_UNet,0.4,6.5,0.02740156464278698,0.0024828955065459013,0.8962954878807068,0.16732187569141388,0.13101419806480408,1
bottle,OFT_UNet,0.4,6.5,0.024408504366874695,0.001220835605636239,0.8694393634796143,0.154252290725708,0.09315014630556107,1
bottle,OFT_UNet,0.4,6.5,0.023499317467212677,0.0013320068828761578,0.8984717130661011,0.1523054838180542,0.09063473343849182,1
bottle,OFT_UNet,0.4,6.5,0.02519274316728115,0.0013331715017557144,0.8970783948898315,0.146964430809021,0.06071571260690689,1
bottle,OFT_UNet,0.4,6.5,0.025334399193525314,0.0015055050607770681,0.8977872729301453,0.14931181073188782,0.12691155076026917,1
bottle,OFT_UNet,0.4,6.5,0.025229081511497498,0.0014726815279573202,0.8872604370117188,0.14843814074993134,0.054978836327791214,1
bottle,OFT_UNet,0.4,6.5,0.024774298071861267,0.001510624773800373,0.901124119758606,0.15710102021694183,0.06484531611204147,1
bottle,OFT_UNet,0.4,6.5,0.024071522057056427,0.0015806433511897922,0.9169375896453857,0.14419634640216827,0.130608931183815,1
bottle,OFT_UNet,0.4,6.5,0.024367518723011017,0.0013952392619103193,0.8957430124282837,0.14655965566635132,0.0941387414932251,1
bottle,OFT_UNet,0.4,6.5,0.02517106756567955,0.0016998292412608862,0.8972629904747009,0.15451420843601227,0.11690746247768402,1
bottle,OFT_UNet,0.4,6.5,0.026765521615743637,0.0020080399699509144,0.8880621790885925,0.169090136885643,0.16685424745082855,1
bottle,OFT_UNet,0.4,6.5,0.024506866931915283,0.0019824642222374678,0.9220878481864929,0.1422412097454071,0.15783855319023132,1
bottle,OFT_UNet,0.4,6.5,0.023795973509550095,0.0014927050797268748,0.9206425547599792,0.13487368822097778,0.08738213777542114,1
bottle,OFT_UNet,0.4,6.5,0.025876473635435104,0.0016360873123630881,0.884116530418396,0.1548835188150406,0.11866521090269089,1
bottle,OFT_UNet,0.4,6.5,0.023583795875310898,0.0015548616647720337,0.9240517616271973,0.1312069296836853,0.10439763963222504,0
bottle,OFT_UNet,0.4,6.5,0.022368252277374268,0.0013604487758129835,0.9308667182922363,0.12896078824996948,0.06255647540092468,0
bottle,OFT_UNet,0.4,6.5,0.024989714846014977,0.0016848774394020438,0.922998309135437,0.12980452179908752,0.06634776294231415,0
bottle,OFT_UNet,0.4,6.5,0.02292114496231079,0.0015158135211095214,0.9313530921936035,0.12611182034015656,0.14073914289474487,0
bottle,OFT_UNet,0.4,6.5,0.022626137360930443,0.0013949176063761115,0.928296685218811,0.12929552793502808,0.09398238360881805,0
bottle,OFT_UNet,0.4,6.5,0.022238463163375854,0.0013049597619101405,0.9295839071273804,0.13012200593948364,0.0567966029047966,0
bottle,OFT_UNet,0.4,6.5,0.024469107389450073,0.0017179760616272688,0.9142266511917114,0.13332591950893402,0.14188611507415771,0
bottle,OFT_UNet,0.4,6.5,0.02394820563495159,0.001438763691112399,0.9213592410087585,0.12616395950317383,0.07434909790754318,0
bottle,OFT_UNet,0.4,6.5,0.023150315508246422,0.001495172968134284,0.9323602914810181,0.12444297969341278,0.1029086634516716,0
bottle,OFT_UNet,0.4,6.5,0.022317171096801758,0.0012491238303482533,0.9337064623832703,0.13312304019927979,0.07172000408172607,0
bottle,OFT_UNet,0.4,6.5,0.02323932573199272,0.001472504111006856,0.9255399107933044,0.1274074912071228,0.10911271721124649,0
bottle,OFT_UNet,0.4,6.5,0.0237482450902462,0.0015227701514959335,0.9261108636856079,0.12751267850399017,0.07685449719429016,0
bottle,OFT_UNet,0.4,6.5,0.023647665977478027,0.0014236721908673644,0.9182474613189697,0.1387820690870285,0.06809157878160477,0
bottle,OFT_UNet,0.4,6.5,0.023648476228117943,0.0015134061686694622,0.9199396371841431,0.1329575777053833,0.10341427475214005,0
bottle,OFT_UNet,0.4,6.5,0.024282433092594147,0.001515814452432096,0.9252780675888062,0.13040906190872192,0.04981807991862297,0
bottle,OFT_UNet,0.4,6.5,0.02301408350467682,0.0013146447017788887,0.921005368232727,0.13396157324314117,0.08685703575611115,0
bottle,OFT_UNet,0.4,6.5,0.02294813096523285,0.0014071068726480007,0.9263410568237305,0.13273552060127258,0.08011123538017273,0
bottle,OFT_UNet,0.4,6.5,0.022635629400610924,0.001351765589788556,0.9288579821586609,0.13060690462589264,0.11316423863172531,0
bottle,OFT_UNet,0.4,6.5,0.02210405468940735,0.0011776210740208626,0.9280750751495361,0.13432839512825012,0.08027751743793488,0
bottle,OFT_UNet,0.4,6.5,0.024985358119010925,0.0015319574158638716,0.9243220090866089,0.12983033061027527,0.05137086659669876,0
bottle,OFT_UNet,0.4,7.5,0.02761547826230526,0.0020659519359469414,0.8688284754753113,0.1867552101612091,0.06364138424396515,1
bottle,OFT_UNet,0.4,7.5,0.026386454701423645,0.002337150275707245,0.8720148801803589,0.1784139722585678,0.33201977610588074,1
bottle,OFT_UNet,0.4,7.5,0.02709631435573101,0.001907692989334464,0.8486508727073669,0.19580861926078796,0.10155775398015976,1
bottle,OFT_UNet,0.4,7.5,0.026650220155715942,0.0017724481876939535,0.8626799583435059,0.2316279411315918,0.0686856061220169,1
bottle,OFT_UNet,0.4,7.5,0.02676452323794365,0.002437504706904292,0.8979419469833374,0.15185724198818207,0.1102440133690834,1
bottle,OFT_UNet,0.4,7.5,0.02729923091828823,0.0023553853388875723,0.8841313123703003,0.16258902847766876,0.2147732526063919,1
bottle,OFT_UNet,0.4,7.5,0.026872489601373672,0.0020707754883915186,0.8760862350463867,0.19420453906059265,0.11206432431936264,1
bottle,OFT_UNet,0.4,7.5,0.025381051003932953,0.0016901151975616813,0.875114381313324,0.19540290534496307,0.08730123937129974,1
bottle,OFT_UNet,0.4,7.5,0.027568098157644272,0.002344101667404175,0.8747344017028809,0.18511492013931274,0.24234479665756226,1
bottle,OFT_UNet,0.4,7.5,0.0252589862793684,0.0018128853989765048,0.8857275247573853,0.15957830846309662,0.20080111920833588,1
bottle,OFT_UNet,0.4,7.5,0.024456080049276352,0.0016005139332264662,0.8899308443069458,0.16989320516586304,0.14117145538330078,1
bottle,OFT_UNet,0.4,7.5,0.02595837414264679,0.00214408035390079,0.8875353336334229,0.15561449527740479,0.32138776779174805,1
bottle,OFT_UNet,0.4,7.5,0.02539846859872341,0.0019615315832197666,0.8985942602157593,0.16425837576389313,0.11815226078033447,1
bottle,OFT_UNet,0.4,7.5,0.028254032135009766,0.0022614402696490288,0.853126049041748,0.18546098470687866,0.09386381506919861,1
bottle,OFT_UNet,0.4,7.5,0.02614515647292137,0.002236718777567148,0.8943670988082886,0.15915152430534363,0.31801551580429077,1
bottle,OFT_UNet,0.4,7.5,0.025881364941596985,0.00197401805780828,0.8869490027427673,0.16300013661384583,0.20163527131080627,1
bottle,OFT_UNet,0.4,7.5,0.028001263737678528,0.0022435495629906654,0.8672189712524414,0.1919563114643097,0.11579851806163788,1
bottle,OFT_UNet,0.4,7.5,0.026190167292952538,0.0020527010783553123,0.8773598670959473,0.18258321285247803,0.1467926800251007,1
bottle,OFT_UNet,0.4,7.5,0.028252875432372093,0.0023183214943856,0.8681455850601196,0.18819919228553772,0.1274881660938263,1
bottle,OFT_UNet,0.4,7.5,0.027503564953804016,0.0021046330220997334,0.8622047901153564,0.1910247504711151,0.11234436929225922,1
bottle,OFT_UNet,0.4,7.5,0.024334978312253952,0.001814175397157669,0.9116661548614502,0.14003318548202515,0.18696589767932892,1
bottle,OFT_UNet,0.4,7.5,0.026746317744255066,0.002421135548502207,0.8975582122802734,0.15080294013023376,0.28467828035354614,1
bottle,OFT_UNet,0.4,7.5,0.03025660663843155,0.0033865650184452534,0.8615212440490723,0.16778624057769775,0.35661834478378296,1
bottle,OFT_UNet,0.4,7.5,0.028241660445928574,0.002748003927990794,0.8856441378593445,0.15752606093883514,0.24163088202476501,1
bottle,OFT_UNet,0.4,7.5,0.02758810482919216,0.002538766246289015,0.9032161235809326,0.1547222137451172,0.11876515299081802,1
bottle,OFT_UNet,0.4,7.5,0.02419111132621765,0.0017907775472849607,0.9011344313621521,0.15024739503860474,0.16951660811901093,1
bottle,OFT_UNet,0.4,7.5,0.02577977441251278,0.0021012912038713694,0.9012128114700317,0.15418842434883118,0.2672099471092224,1
bottle,OFT_UNet,0.4,7.5,0.02471042238175869,0.0019708406180143356,0.9074665904045105,0.14541548490524292,0.33064863085746765,1
bottle,OFT_UNet,0.4,7.5,0.025831609964370728,0.0017524681752547622,0.8837207555770874,0.16468757390975952,0.06455907225608826,1
bottle,OFT_UNet,0.4,7.5,0.025950796902179718,0.002118356293067336,0.9008509516716003,0.14237506687641144,0.27068763971328735,1
bottle,OFT_UNet,0.4,7.5,0.02691730111837387,0.002552962163463235,0.9015178084373474,0.14936646819114685,0.3761114776134491,1
bottle,OFT_UNet,0.4,7.5,0.02752569317817688,0.0026231154333800077,0.8871769905090332,0.1547132432460785,0.2752710282802582,1
bottle,OFT_UNet,0.4,7.5,0.027432091534137726,0.0023885092232376337,0.891865611076355,0.1623350828886032,0.12240467220544815,1
bottle,OFT_UNet,0.4,7.5,0.024430055171251297,0.001714567537419498,0.9061741828918457,0.13667798042297363,0.12606219947338104,1
bottle,OFT_UNet,0.4,7.5,0.02431066334247589,0.001849495805799961,0.9030804634094238,0.13217365741729736,0.18492022156715393,1
bottle,OFT_UNet,0.4,7.5,0.02440999262034893,0.001603691722266376,0.9047921895980835,0.15888483822345734,0.08117572218179703,1
bottle,OFT_UNet,0.4,7.5,0.024896781891584396,0.0019437572918832302,0.8996986746788025,0.1443222165107727,0.1995188146829605,1
bottle,OFT_UNet,0.4,7.5,0.026933975517749786,0.002253039740025997,0.9045378565788269,0.15054911375045776,0.11250738054513931,1
bottle,OFT_UNet,0.4,7.5,0.0270850770175457,0.00250898115336895,0.9024316668510437,0.15602204203605652,0.14146965742111206,1
bottle,OFT_UNet,0.4,7.5,0.024562044069170952,0.001989117357879877,0.8934675455093384,0.15247361361980438,0.2839357256889343,1
bottle,OFT_UNet,0.4,7.5,0.027107253670692444,0.0023908945731818676,0.88444584608078,0.15745094418525696,0.20766547322273254,1
bottle,OFT_UNet,0.4,7.5,0.026821527630090714,0.002517255488783121,0.8971056342124939,0.14997905492782593,0.3649698495864868,1
bottle,OFT_UNet,0.4,7.5,0.02233496867120266,0.001166460569947958,0.9081354141235352,0.150376096367836,0.09703700989484787,1
bottle,OFT_UNet,0.4,7.5,0.023153584450483322,0.0012615856248885393,0.9024352431297302,0.14713644981384277,0.10508313775062561,1
bottle,OFT_UNet,0.4,7.5,0.023436851799488068,0.0013482437934726477,0.9179638624191284,0.1397106796503067,0.0754021480679512,1
bottle,OFT_UNet,0.4,7.5,0.02478691004216671,0.0018124198541045189,0.9040123820304871,0.14498165249824524,0.12986792623996735,1
bottle,OFT_UNet,0.4,7.5,0.02396473102271557,0.0014456307981163263,0.916096568107605,0.14557358622550964,0.04442257061600685,1
bottle,OFT_UNet,0.4,7.5,0.02700960636138916,0.0018054889515042305,0.8897923231124878,0.16003727912902832,0.06810078769922256,1
bottle,OFT_UNet,0.4,7.5,0.027616484090685844,0.0019132730085402727,0.8828708529472351,0.15582363307476044,0.12052328884601593,1
bottle,OFT_UNet,0.4,7.5,0.02864685282111168,0.002714010654017329,0.8867351412773132,0.17518287897109985,0.13628849387168884,1
bottle,OFT_UNet,0.4,7.5,0.025419052690267563,0.0013481071218848228,0.8588401079177856,0.15712201595306396,0.09625870734453201,1
bottle,OFT_UNet,0.4,7.5,0.0245579332113266,0.0014880284434184432,0.8902856707572937,0.1566193401813507,0.09823225438594818,1
bottle,OFT_UNet,0.4,7.5,0.025971710681915283,0.0014376973267644644,0.8901371955871582,0.15086913108825684,0.05932999774813652,1
bottle,OFT_UNet,0.4,7.5,0.026365213096141815,0.001652939012274146,0.8906902074813843,0.15166643261909485,0.14171050488948822,1
bottle,OFT_UNet,0.4,7.5,0.026606064289808273,0.0016524121165275574,0.8756709098815918,0.15440505743026733,0.06162503734230995,1
bottle,OFT_UNet,0.4,7.5,0.02621307037770748,0.001727021299302578,0.8895038962364197,0.1644880771636963,0.07639369368553162,1
bottle,OFT_UNet,0.4,7.5,0.024978019297122955,0.0017056058859452605,0.9110268354415894,0.14942525327205658,0.13106746971607208,1
bottle,OFT_UNet,0.4,7.5,0.025212949141860008,0.0015059229917824268,0.8898396492004395,0.14943908154964447,0.10481903702020645,1
bottle,OFT_UNet,0.4,7.5,0.027021003887057304,0.0020382774528115988,0.8837282061576843,0.16261404752731323,0.15963539481163025,1
bottle,OFT_UNet,0.4,7.5,0.027755409479141235,0.0021578441374003887,0.881557822227478,0.17229215800762177,0.18158145248889923,1
bottle,OFT_UNet,0.4,7.5,0.02671237103641033,0.0024426905438303947,0.9083022475242615,0.15237469971179962,0.17154523730278015,1
bottle,OFT_UNet,0.4,7.5,0.02482294663786888,0.0016548929270356894,0.9130865335464478,0.14266914129257202,0.10015399754047394,1
bottle,OFT_UNet,0.4,7.5,0.02733955904841423,0.00185638596303761,0.874524712562561,0.15986832976341248,0.15004085004329681,1
bottle,OFT_UNet,0.4,7.5,0.025758465752005577,0.002004610374569893,0.9111496210098267,0.13913869857788086,0.11604286730289459,0
bottle,OFT_UNet,0.4,7.5,0.024099931120872498,0.0016683561261743307,0.9187604188919067,0.1373118907213211,0.10144766420125961,0
bottle,OFT_UNet,0.4,7.5,0.02599567174911499,0.0018357334192842245,0.9180132746696472,0.1355058252811432,0.074225053191185,0
bottle,OFT_UNet,0.4,7.5,0.025023018941283226,0.0019721470307558775,0.9203888773918152,0.1316155195236206,0.22430561482906342,0
bottle,OFT_UNet,0.4,7.5,0.02449411153793335,0.001774089178070426,0.916960597038269,0.13711301982402802,0.15384092926979065,0
bottle,OFT_UNet,0.4,7.5,0.023392826318740845,0.0014828257262706757,0.9218286871910095,0.13649654388427734,0.06275977939367294,0
bottle,OFT_UNet,0.4,7.5,0.026946229860186577,0.002261042594909668,0.8992967009544373,0.14280229806900024,0.16176292300224304,0
bottle,OFT_UNet,0.4,7.5,0.025013044476509094,0.0015992553671821952,0.9140569567680359,0.13179442286491394,0.08546950668096542,0
bottle,OFT_UNet,0.4,7.5,0.02489538863301277,0.001833667396567762,0.9201700091362,0.13431453704833984,0.1607750505208969,0
bottle,OFT_UNet,0.4,7.5,0.02333001419901848,0.0014030642341822386,0.9259954690933228,0.13997018337249756,0.096241295337677,0
bottle,OFT_UNet,0.4,7.5,0.024831917136907578,0.001731807366013527,0.9138585329055786,0.13446752727031708,0.12131353467702866,0
bottle,OFT_UNet,0.4,7.5,0.02530587837100029,0.0018357269000262022,0.9159325361251831,0.13763657212257385,0.08566270023584366,0
bottle,OFT_UNet,0.4,7.5,0.024913392961025238,0.0016114902682602406,0.9089207649230957,0.14866337180137634,0.07241755723953247,0
bottle,OFT_UNet,0.4,7.5,0.026112046092748642,0.002080712467432022,0.9052416682243347,0.1456238180398941,0.15658369660377502,0
bottle,OFT_UNet,0.4,7.5,0.02529725432395935,0.0016741983126848936,0.9190036058425903,0.13679087162017822,0.06206820532679558,0
bottle,OFT_UNet,0.4,7.5,0.023798910900950432,0.0014297630405053496,0.9139604568481445,0.13914793729782104,0.09076043218374252,0
bottle,OFT_UNet,0.4,7.5,0.023919537663459778,0.0015555409481748939,0.9207186102867126,0.13928553462028503,0.08605308830738068,0
bottle,OFT_UNet,0.4,7.5,0.02375025674700737,0.0015056838747113943,0.9207907915115356,0.13738982379436493,0.11690491437911987,0
bottle,OFT_UNet,0.4,7.5,0.023259278386831284,0.001345198368653655,0.9170228838920593,0.14372164011001587,0.08814513683319092,0
bottle,OFT_UNet,0.4,7.5,0.025994202122092247,0.0016711087664589286,0.9185154438018799,0.13486149907112122,0.053928107023239136,0
bottle,OFT_UNet,0.45,5.5,0.026258226484060287,0.0018353811465203762,0.8783027529716492,0.17582769691944122,0.06511835753917694,1
bottle,OFT_UNet,0.45,5.5,0.025452284142374992,0.002255813218653202,0.8748955726623535,0.17384585738182068,0.343762069940567,1
bottle,OFT_UNet,0.45,5.5,0.02619992010295391,0.0017756398301571608,0.8559607267379761,0.19160541892051697,0.10231366008520126,1
bottle,OFT_UNet,0.45,5.5,0.026500608772039413,0.0017563838046044111,0.8609179258346558,0.23064976930618286,0.0722796767950058,1
bottle,OFT_UNet,0.45,5.5,0.024882744997739792,0.0020723422057926655,0.9115581512451172,0.14065763354301453,0.12884575128555298,1
bottle,OFT_UNet,0.45,5.5,0.02499312534928322,0.0019175976049154997,0.9000141620635986,0.1470617651939392,0.21162788569927216,1
bottle,OFT_UNet,0.45,5.5,0.025872258469462395,0.0019316462567076087,0.8835453987121582,0.1872839778661728,0.11826901882886887,1
bottle,OFT_UNet,0.45,5.5,0.024571038782596588,0.0015319156227633357,0.8821381330490112,0.18834610283374786,0.09545684605836868,1
bottle,OFT_UNet,0.45,5.5,0.026791034266352654,0.0022925895173102617,0.8772441148757935,0.18043014407157898,0.2508004903793335,1
bottle,OFT_UNet,0.45,5.5,0.023999234661459923,0.0016487152315676212,0.8950471878051758,0.1520926058292389,0.1991320103406906,1
bottle,OFT_UNet,0.45,5.5,0.023901432752609253,0.0015900930156931281,0.8869799375534058,0.16458925604820251,0.25657397508621216,1
bottle,OFT_UNet,0.45,5.5,0.024448564276099205,0.0019246874144300818,0.8975585699081421,0.14571748673915863,0.31992635130882263,1
bottle,OFT_UNet,0.45,5.5,0.024239689111709595,0.0017936092335730791,0.9064652323722839,0.1550508439540863,0.13223296403884888,1
bottle,OFT_UNet,0.45,5.5,0.02684248611330986,0.0020027300342917442,0.8629451990127563,0.18115133047103882,0.09896108508110046,1
bottle,OFT_UNet,0.45,5.5,0.02373432368040085,0.0018407010938972235,0.9155960083007812,0.146793395280838,0.3048619329929352,1
bottle,OFT_UNet,0.45,5.5,0.025002462789416313,0.0019242105772718787,0.8906542658805847,0.15696793794631958,0.25970515608787537,1
bottle,OFT_UNet,0.45,5.5,0.026702288538217545,0.0020699265878647566,0.8752434253692627,0.1828957349061966,0.11976131051778793,1
bottle,OFT_UNet,0.45,5.5,0.02513682097196579,0.001946551026776433,0.8857685923576355,0.17814931273460388,0.1708829551935196,1
bottle,OFT_UNet,0.45,5.5,0.027602214366197586,0.0022331364452838898,0.8713382482528687,0.18246623873710632,0.11944273114204407,1
bottle,OFT_UNet,0.45,5.5,0.02587740123271942,0.001847780542448163,0.8776370286941528,0.18070374429225922,0.11006778478622437,1
bottle,OFT_UNet,0.45,5.5,0.02268853411078453,0.001560419681482017,0.9221017360687256,0.1323862224817276,0.185076504945755,1
bottle,OFT_UNet,0.45,5.5,0.02532007358968258,0.0022370449732989073,0.9052824974060059,0.14143499732017517,0.2746650278568268,1
bottle,OFT_UNet,0.45,5.5,0.027137642726302147,0.002859955420717597,0.887981116771698,0.1521136611700058,0.3503762185573578,1
bottle,OFT_UNet,0.45,5.5,0.027123019099235535,0.00268729729577899,0.8899387121200562,0.1521446704864502,0.28187096118927,1
bottle,OFT_UNet,0.45,5.5,0.025381190702319145,0.002177818212658167,0.9178220629692078,0.14404678344726562,0.11187716573476791,1
bottle,OFT_UNet,0.45,5.5,0.021461522206664085,0.0012077710125595331,0.9211124181747437,0.13706982135772705,0.0872279480099678,1
bottle,OFT_UNet,0.45,5.5,0.02460593543946743,0.001963811693713069,0.9072610139846802,0.14809784293174744,0.2833726406097412,1
bottle,OFT_UNet,0.45,5.5,0.02328363060951233,0.0017763411160558462,0.9180032014846802,0.1310698390007019,0.33925268054008484,1
bottle,OFT_UNet,0.45,5.5,0.024384193122386932,0.0015522692119702697,0.896302342414856,0.15590336918830872,0.06463073939085007,1
bottle,OFT_UNet,0.45,5.5,0.024061210453510284,0.0018342582043260336,0.9119696617126465,0.13248310983181,0.2793576717376709,1
bottle,OFT_UNet,0.45,5.5,0.025714006274938583,0.0024294378235936165,0.9081859588623047,0.1416647732257843,0.3884086310863495,1
bottle,OFT_UNet,0.45,5.5,0.02356693707406521,0.0018554909620434046,0.9151736497879028,0.13578258454799652,0.2628076374530792,1
bottle,OFT_UNet,0.45,5.5,0.026518424972891808,0.002287779003381729,0.8972054719924927,0.15591993927955627,0.13890253007411957,1
bottle,OFT_UNet,0.45,5.5,0.023169897496700287,0.0015487764030694962,0.9123814105987549,0.1325691044330597,0.12335415184497833,1
bottle,OFT_UNet,0.45,5.5,0.022821933031082153,0.00165637768805027,0.9144071340560913,0.12556946277618408,0.19858673214912415,1
bottle,OFT_UNet,0.45,5.5,0.023265128955245018,0.0014535831287503242,0.9118189215660095,0.15226659178733826,0.09271848946809769,1
bottle,OFT_UNet,0.45,5.5,0.023247189819812775,0.0017129861516878009,0.9115011096000671,0.13530009984970093,0.2066914141178131,1
bottle,OFT_UNet,0.45,5.5,0.02497255802154541,0.0019075050950050354,0.9182711839675903,0.1416289210319519,0.11207178235054016,1
bottle,OFT_UNet,0.45,5.5,0.02609729766845703,0.0023927665315568447,0.9078862071037292,0.14790038764476776,0.16158370673656464,1
bottle,OFT_UNet,0.45,5.5,0.023441841825842857,0.0018285145051777363,0.9022216796875,0.14449003338813782,0.26934558153152466,1
bottle,OFT_UNet,0.45,5.5,0.025717398151755333,0.0022221715189516544,0.893692135810852,0.14817550778388977,0.2387571781873703,1
bottle,OFT_UNet,0.45,5.5,0.024757999926805496,0.0021649752743542194,0.9116430282592773,0.13409221172332764,0.3745773136615753,1
bottle,OFT_UNet,0.45,5.5,0.021347258239984512,0.0010128860594704747,0.9171006679534912,0.14472201466560364,0.08077520877122879,1
bottle,OFT_UNet,0.45,5.5,0.02210576832294464,0.0011223710607737303,0.9109617471694946,0.14157532155513763,0.08316414803266525,1
bottle,OFT_UNet,0.45,5.5,0.02276337705552578,0.001274482230655849,0.9229029417037964,0.13111621141433716,0.0741315707564354,1
bottle,OFT_UNet,0.45,5.5,0.022802263498306274,0.0014488408342003822,0.9192557334899902,0.13507287204265594,0.12279924750328064,1
bottle,OFT_UNet,0.45,5.5,0.022746026515960693,0.0013041242491453886,0.9259709119796753,0.13569439947605133,0.03873467072844505,1
bottle,OFT_UNet,0.45,5.5,0.026104582473635674,0.0016611418686807156,0.8934757709503174,0.15662583708763123,0.060542915016412735,1
bottle,OFT_UNet,0.45,5.5,0.02640519104897976,0.0016987243434414268,0.8893093466758728,0.15098686516284943,0.0837823748588562,1
bottle,OFT_UNet,0.45,5.5,0.027209311723709106,0.0025378947611898184,0.8954927921295166,0.1663711965084076,0.15276426076889038,1
bottle,OFT_UNet,0.45,5.5,0.024207115173339844,0.0011958215618506074,0.8721310496330261,0.15385806560516357,0.09738956391811371,1
bottle,OFT_UNet,0.45,5.5,0.023232251405715942,0.0013021304039284587,0.9007666110992432,0.15138673782348633,0.08451742678880692,1
bottle,OFT_UNet,0.45,5.5,0.025365203619003296,0.0013611472677439451,0.8954592943191528,0.14824546873569489,0.0632362961769104,1
bottle,OFT_UNet,0.45,5.5,0.024909159168601036,0.001452721538953483,0.9005037546157837,0.14874957501888275,0.12084810435771942,1
bottle,OFT_UNet,0.45,5.5,0.02493487298488617,0.0014329596888273954,0.8918488025665283,0.1461457461118698,0.05734547600150108,1
bottle,OFT_UNet,0.45,5.5,0.02485729567706585,0.001500260434113443,0.9010128974914551,0.15602004528045654,0.0722004771232605,1
bottle,OFT_UNet,0.45,5.5,0.023762956261634827,0.0015514863189309835,0.919569730758667,0.14064644277095795,0.13091236352920532,1
bottle,OFT_UNet,0.45,5.5,0.02420963905751705,0.0013772582169622183,0.8969758749008179,0.1459292471408844,0.0927824079990387,1
bottle,OFT_UNet,0.45,5.5,0.02417457476258278,0.0014589715283364058,0.9071931838989258,0.1494913250207901,0.062285132706165314,1
bottle,OFT_UNet,0.45,5.5,0.026547756046056747,0.0019929443951696157,0.8884868025779724,0.16721883416175842,0.15137414634227753,1
bottle,OFT_UNet,0.45,5.5,0.02368239313364029,0.00190541404299438,0.9286062121391296,0.13443432748317719,0.17768536508083344,1
bottle,OFT_UNet,0.45,5.5,0.023188862949609756,0.001396374311298132,0.9246277213096619,0.13135488331317902,0.0815291777253151,1
bottle,OFT_UNet,0.45,5.5,0.025496957823634148,0.0015773465856909752,0.885832667350769,0.15477301180362701,0.09358254075050354,1
bottle,OFT_UNet,0.45,5.5,0.022727614268660545,0.0014534828951582313,0.9307360649108887,0.12611174583435059,0.09929141402244568,0
bottle,OFT_UNet,0.45,5.5,0.02144235000014305,0.0011938936077058315,0.9388835430145264,0.12405495345592499,0.05713161453604698,0
bottle,OFT_UNet,0.45,5.5,0.02457510493695736,0.001617979141883552,0.9254055023193359,0.12873999774456024,0.06641807407140732,0
bottle,OFT_UNet,0.45,5.5,0.02165498398244381,0.0012369191972538829,0.942176342010498,0.11724142730236053,0.11819902807474136,0
bottle,OFT_UNet,0.45,5.5,0.021651435643434525,0.0012352339690551162,0.9347763061523438,0.12398789823055267,0.07009873539209366,0
bottle,OFT_UNet,0.45,5.5,0.021766748279333115,0.0012254875618964434,0.9337425231933594,0.12446660548448563,0.0575583279132843,0
bottle,OFT_UNet,0.45,5.5,0.023399528115987778,0.001467313151806593,0.9232913255691528,0.12593293190002441,0.13173165917396545,0
bottle,OFT_UNet,0.45,5.5,0.023716730996966362,0.001408695592544973,0.9226967692375183,0.1245328038930893,0.07251962274312973,0
bottle,OFT_UNet,0.45,5.5,0.022096870467066765,0.00128749362193048,0.9416505694389343,0.1180051863193512,0.0907953754067421,0
bottle,OFT_UNet,0.45,5.5,0.022049522027373314,0.0012037811102345586,0.9369111061096191,0.12801553308963776,0.0610920749604702,0
bottle,OFT_UNet,0.45,5.5,0.02276567369699478,0.0013877236051484942,0.9291356801986694,0.12391440570354462,0.10487428307533264,0
bottle,OFT_UNet,0.45,5.5,0.023278091102838516,0.0014333644649013877,0.9294909238815308,0.12375183403491974,0.07375550270080566,0
bottle,OFT_UNet,0.45,5.5,0.023221997544169426,0.001374018145725131,0.922286868095398,0.13564297556877136,0.07046132534742355,0
bottle,OFT_UNet,0.45,5.5,0.022666005417704582,0.0012853005900979042,0.9331917762756348,0.1262267827987671,0.061304472386837006,0
bottle,OFT_UNet,0.45,5.5,0.024249818176031113,0.0015178220346570015,0.925726056098938,0.12901780009269714,0.04926302656531334,0
bottle,OFT_UNet,0.45,5.5,0.02288435399532318,0.001293310895562172,0.921873927116394,0.13322250545024872,0.08878156542778015,0
bottle,OFT_UNet,0.45,5.5,0.022647958248853683,0.0013679289259016514,0.9287450313568115,0.12913383543491364,0.07706017047166824,0
bottle,OFT_UNet,0.45,5.5,0.022320052608847618,0.0013307313201949,0.93222975730896,0.12570039927959442,0.11425760388374329,0
bottle,OFT_UNet,0.45,5.5,0.021727433428168297,0.0011354864109307528,0.9294108748435974,0.1325332224369049,0.08099161833524704,0
bottle,OFT_UNet,0.45,5.5,0.024764951318502426,0.0015012481017038226,0.9256777763366699,0.12683480978012085,0.05110203102231026,0
bottle,OFT_UNet,0.45,6.5,0.027220632880926132,0.0019909394904971123,0.8706364035606384,0.18062815070152283,0.06298352777957916,1
bottle,OFT_UNet,0.45,6.5,0.02636822685599327,0.0023944866843521595,0.8672336339950562,0.17870810627937317,0.34803664684295654,1
bottle,OFT_UNet,0.45,6.5,0.027024924755096436,0.0018971468089148402,0.8480729460716248,0.1954183578491211,0.10424846410751343,1
bottle,OFT_UNet,0.45,6.5,0.027603663504123688,0.001899699680507183,0.8481711149215698,0.235386461019516,0.07467394322156906,1
bottle,OFT_UNet,0.45,6.5,0.026166822761297226,0.002302146051079035,0.9045616984367371,0.1457974761724472,0.13503949344158173,1
bottle,OFT_UNet,0.45,6.5,0.02631836198270321,0.002123575657606125,0.891311764717102,0.1564810425043106,0.21619215607643127,1
bottle,OFT_UNet,0.45,6.5,0.026892518624663353,0.0021000909619033337,0.8754827380180359,0.19203123450279236,0.13137546181678772,1
bottle,OFT_UNet,0.45,6.5,0.025382526218891144,0.0016582708340138197,0.8747918009757996,0.192886620759964,0.0950157418847084,1
bottle,OFT_UNet,0.45,6.5,0.027785656973719597,0.002502838149666786,0.8681544065475464,0.184729665517807,0.27239343523979187,1
bottle,OFT_UNet,0.45,6.5,0.024841289967298508,0.0017658276483416557,0.8884096145629883,0.15647456049919128,0.2032383531332016,1
bottle,OFT_UNet,0.45,6.5,0.024692516773939133,0.0017108311876654625,0.8807913661003113,0.1677761673927307,0.27552101016044617,1
bottle,OFT_UNet,0.45,6.5,0.025493603199720383,0.002080247737467289,0.8907046318054199,0.15100005269050598,0.3232766091823578,1
bottle,OFT_UNet,0.45,6.5,0.025098567828536034,0.0019275755621492863,0.9011753797531128,0.15977349877357483,0.131326824426651,1
bottle,OFT_UNet,0.45,6.5,0.027694663032889366,0.0021387485321611166,0.8581869006156921,0.1838649958372116,0.10161999613046646,1
bottle,OFT_UNet,0.45,6.5,0.024851739406585693,0.002005632035434246,0.9075440168380737,0.15202641487121582,0.3108695447444916,1
bottle,OFT_UNet,0.45,6.5,0.02593332529067993,0.002085939049720764,0.8844302892684937,0.16238461434841156,0.26454484462738037,1
bottle,OFT_UNet,0.45,6.5,0.027692079544067383,0.0022080435883253813,0.866630494594574,0.18900713324546814,0.12284023314714432,1
bottle,OFT_UNet,0.45,6.5,0.026166176423430443,0.0021230774000287056,0.8753807544708252,0.18427936732769012,0.19654379785060883,1
bottle,OFT_UNet,0.45,6.5,0.02852082997560501,0.002411085646599531,0.8618564009666443,0.18832311034202576,0.14749687910079956,1
bottle,OFT_UNet,0.45,6.5,0.02717766910791397,0.0020426041446626186,0.8654898405075073,0.18740838766098022,0.1134553775191307,1
bottle,OFT_UNet,0.45,6.5,0.023711755871772766,0.0017163429874926805,0.9163235425949097,0.1375030279159546,0.1874198466539383,1
bottle,OFT_UNet,0.45,6.5,0.026528790593147278,0.0023899569641798735,0.897864043712616,0.14868663251399994,0.2734913229942322,1
bottle,OFT_UNet,0.45,6.5,0.02886798605322838,0.0031682446133345366,0.8760144710540771,0.1614043265581131,0.36685797572135925,1
bottle,OFT_UNet,0.45,6.5,0.028463169932365417,0.0030008219182491302,0.8813583254814148,0.15631692111492157,0.30638328194618225,1
bottle,OFT_UNet,0.45,6.5,0.026739228516817093,0.0023934203200042248,0.9113447070121765,0.14872758090496063,0.11649904400110245,1
bottle,OFT_UNet,0.45,6.5,0.022493988275527954,0.0013784304028376937,0.9142786860466003,0.14056341350078583,0.09330671280622482,1
bottle,OFT_UNet,0.45,6.5,0.02593706175684929,0.0021792524494230747,0.8984153270721436,0.1533636450767517,0.28673091530799866,1
bottle,OFT_UNet,0.45,6.5,0.024329345673322678,0.0019362126477062702,0.9105863571166992,0.1400073766708374,0.3473435938358307,1
bottle,OFT_UNet,0.45,6.5,0.025497814640402794,0.0017030461458489299,0.888817548751831,0.1594485640525818,0.0646674707531929,1
bottle,OFT_UNet,0.45,6.5,0.025092391297221184,0.001989354845136404,0.9059659838676453,0.1376039981842041,0.2837141454219818,1
bottle,OFT_UNet,0.45,6.5,0.026854177936911583,0.0026390475686639547,0.9011680483818054,0.14745479822158813,0.4191381633281708,1
bottle,OFT_UNet,0.45,6.5,0.02527374029159546,0.002165356185287237,0.905713677406311,0.1449805349111557,0.28716975450515747,1
bottle,OFT_UNet,0.45,6.5,0.02748938277363777,0.0024308401625603437,0.8907374143600464,0.15992514789104462,0.1464768499135971,1
bottle,OFT_UNet,0.45,6.5,0.02406596764922142,0.0016631633043289185,0.9076179265975952,0.13556130230426788,0.12492208182811737,1
bottle,OFT_UNet,0.45,6.5,0.023767469450831413,0.001802074140869081,0.9080268144607544,0.13066238164901733,0.1966920644044876,1
bottle,OFT_UNet,0.45,6.5,0.024273907765746117,0.0016042180359363556,0.9049657583236694,0.15778549015522003,0.11081065237522125,1
bottle,OFT_UNet,0.45,6.5,0.0244594793766737,0.001884308410808444,0.9028360247612,0.14090180397033691,0.21170198917388916,1
bottle,OFT_UNet,0.45,6.5,0.026064705103635788,0.002081389306113124,0.9125661849975586,0.14552414417266846,0.11729433387517929,1
bottle,OFT_UNet,0.45,6.5,0.027041755616664886,0.002547360025346279,0.9024059176445007,0.1534613072872162,0.1533237248659134,1
bottle,OFT_UNet,0.45,6.5,0.024388860911130905,0.0019787733908742666,0.8951547145843506,0.15062755346298218,0.28277960419654846,1
bottle,OFT_UNet,0.45,6.5,0.02688058279454708,0.002499454654753208,0.883929967880249,0.15448851883411407,0.2585088908672333,1
bottle,OFT_UNet,0.45,6.5,0.025821920484304428,0.0023414292372763157,0.9053776264190674,0.1403842270374298,0.3797551691532135,1
bottle,OFT_UNet,0.45,6.5,0.02211799845099449,0.0011087440652772784,0.9101824164390564,0.14881333708763123,0.0936155840754509,1
bottle,OFT_UNet,0.45,6.5,0.022922789677977562,0.001229716814123094,0.9044200778007507,0.14560218155384064,0.10152020305395126,1
bottle,OFT_UNet,0.45,6.5,0.02347765490412712,0.0013713722582906485,0.9176195859909058,0.1368761956691742,0.08668721467256546,1
bottle,OFT_UNet,0.45,6.5,0.02390994131565094,0.001614343374967575,0.9115468859672546,0.13985510170459747,0.1338411420583725,1
bottle,OFT_UNet,0.45,6.5,0.023717086762189865,0.0014377156039699912,0.9184505343437195,0.1415446251630783,0.04444298520684242,1
bottle,OFT_UNet,0.45,6.5,0.026993706822395325,0.0017970248591154814,0.8881375193595886,0.1605423092842102,0.06532104313373566,1
bottle,OFT_UNet,0.45,6.5,0.027333006262779236,0.0018551317043602467,0.8840240240097046,0.15312740206718445,0.10697905719280243,1
bottle,OFT_UNet,0.45,6.5,0.028070485219359398,0.0027111941017210484,0.8901750445365906,0.17125621438026428,0.16304554045200348,1
bottle,OFT_UNet,0.45,6.5,0.0250462144613266,0.0012998634483665228,0.8631935119628906,0.1563338339328766,0.09796656668186188,1
bottle,OFT_UNet,0.45,6.5,0.024268656969070435,0.0014511797344312072,0.8920862674713135,0.15523779392242432,0.09401215612888336,1
bottle,OFT_UNet,0.45,6.5,0.026248564943671227,0.0014583294978365302,0.8873769640922546,0.15288710594177246,0.06241324916481972,1
bottle,OFT_UNet,0.45,6.5,0.026035545393824577,0.0016070896526798606,0.8927237391471863,0.15208253264427185,0.13736651837825775,1
bottle,OFT_UNet,0.45,6.5,0.02624279260635376,0.0016096844337880611,0.8792818784713745,0.1530269831418991,0.05373300611972809,1
bottle,OFT_UNet,0.45,6.5,0.026019742712378502,0.0016906860982999206,0.8896061182022095,0.16305339336395264,0.07566340267658234,1
bottle,OFT_UNet,0.45,6.5,0.024805475026369095,0.0016754654934629798,0.9125997424125671,0.1464419960975647,0.13111425936222076,1
bottle,OFT_UNet,0.45,6.5,0.025086216628551483,0.001497318735346198,0.8900512456893921,0.14943042397499084,0.10570186376571655,1
bottle,OFT_UNet,0.45,6.5,0.025680795311927795,0.0017130061751231551,0.8975673913955688,0.1550232172012329,0.07678114622831345,1
bottle,OFT_UNet,0.45,6.5,0.027560658752918243,0.0021835712250322104,0.8810879588127136,0.17093145847320557,0.16692490875720978,1
bottle,OFT_UNet,0.45,6.5,0.02508145570755005,0.0021807977464050055,0.9191052317619324,0.14162030816078186,0.1819792091846466,1
bottle,OFT_UNet,0.45,6.5,0.02432679384946823,0.0015612058341503143,0.9178237318992615,0.13656677305698395,0.09641697257757187,1
bottle,OFT_UNet,0.45,6.5,0.026966135948896408,0.0017846388509497046,0.8762329816818237,0.15963248908519745,0.12806756794452667,1
bottle,OFT_UNet,0.45,6.5,0.023973628878593445,0.001619956805370748,0.9219317436218262,0.13110333681106567,0.10500873625278473,0
bottle,OFT_UNet,0.45,6.5,0.0226153414696455,0.0013709210325032473,0.9319379329681396,0.12951906025409698,0.06289605051279068,0
bottle,OFT_UNet,0.45,6.5,0.025803668424487114,0.001795746386051178,0.9195058345794678,0.13377048075199127,0.06907966732978821,0
bottle,OFT_UNet,0.45,6.5,0.023198774084448814,0.001516056014224887,0.9326126575469971,0.12680794298648834,0.127338707447052,0
bottle,OFT_UNet,0.45,6.5,0.023321520537137985,0.0015175470616668463,0.9256777167320251,0.13229794800281525,0.09802453964948654,0
bottle,OFT_UNet,0.45,6.5,0.022872984409332275,0.0013696255628019571,0.9272897243499756,0.13066205382347107,0.06374594569206238,0
bottle,OFT_UNet,0.45,6.5,0.02538182958960533,0.0018802450504153967,0.9103525876998901,0.1352696418762207,0.14788398146629333,0
bottle,OFT_UNet,0.45,6.5,0.024710452184081078,0.0015615697484463453,0.9166676998138428,0.1288294494152069,0.08262451738119125,0
bottle,OFT_UNet,0.45,6.5,0.02341538481414318,0.0014952525962144136,0.9329492449760437,0.1255282461643219,0.10221628844738007,0
bottle,OFT_UNet,0.45,6.5,0.022945314645767212,0.0013417666777968407,0.9307438135147095,0.1342509686946869,0.08466090261936188,0
bottle,OFT_UNet,0.45,6.5,0.023746829479932785,0.0015414247754961252,0.9230996370315552,0.12866626679897308,0.11851632595062256,0
bottle,OFT_UNet,0.45,6.5,0.02474726364016533,0.0016576030757278204,0.9199568629264832,0.13203856348991394,0.08040352165699005,0
bottle,OFT_UNet,0.45,6.5,0.024525731801986694,0.0015508176293224096,0.9133619070053101,0.14299623668193817,0.07891406863927841,0
bottle,OFT_UNet,0.45,6.5,0.02523733489215374,0.0018327860161662102,0.9143083095550537,0.1386234164237976,0.1329605132341385,0
bottle,OFT_UNet,0.45,6.5,0.02557084523141384,0.0017192044761031866,0.9176551103591919,0.13665427267551422,0.059443410485982895,0
bottle,OFT_UNet,0.45,6.5,0.023709595203399658,0.0014155893586575985,0.9149839282035828,0.1384795606136322,0.0930333137512207,0
bottle,OFT_UNet,0.45,6.5,0.023625008761882782,0.0015087187057361007,0.9216127395629883,0.13522812724113464,0.08766711503267288,0
bottle,OFT_UNet,0.45,6.5,0.023260310292243958,0.0014398216735571623,0.925681471824646,0.13197962939739227,0.11830294877290726,0
bottle,OFT_UNet,0.45,6.5,0.02281711995601654,0.0012705259723588824,0.9242765307426453,0.13803783059120178,0.08972035348415375,0
bottle,OFT_UNet,0.45,6.5,0.025767814368009567,0.001634514657780528,0.9199711680412292,0.13268600404262543,0.055677156895399094,0
bottle,OFT_UNet,0.45,7.5,0.028375402092933655,0.0022005669306963682,0.8623787760734558,0.18596678972244263,0.08581196516752243,1
bottle,OFT_UNet,0.45,7.5,0.02713393233716488,0.0025228054728358984,0.8634845018386841,0.18338868021965027,0.3518493175506592,1
bottle,OFT_UNet,0.45,7.5,0.02794780395925045,0.002039795508608222,0.8380147814750671,0.1996830403804779,0.10627978295087814,1
bottle,OFT_UNet,0.45,7.5,0.028652718290686607,0.0020515667274594307,0.8365821838378906,0.24130526185035706,0.07713858038187027,1
bottle,OFT_UNet,0.45,7.5,0.02791522443294525,0.0027076341211795807,0.8951608538627625,0.1533156782388687,0.1441464126110077,1
bottle,OFT_UNet,0.45,7.5,0.027865946292877197,0.0023972431663423777,0.8801566958427429,0.1639346033334732,0.21870112419128418,1
bottle,OFT_UNet,0.45,7.5,0.027984371408820152,0.0022928747348487377,0.8632659912109375,0.198812335729599,0.15747356414794922,1
bottle,OFT_UNet,0.45,7.5,0.02624879777431488,0.0018028239719569683,0.8673533797264099,0.1973644495010376,0.09992360323667526,1
bottle,OFT_UNet,0.45,7.5,0.028976071625947952,0.0027624599169939756,0.856687068939209,0.1921914517879486,0.30558353662490845,1
bottle,OFT_UNet,0.45,7.5,0.025870144367218018,0.0019101735670119524,0.881192684173584,0.16132310032844543,0.2079109251499176,1
bottle,OFT_UNet,0.45,7.5,0.025585170835256577,0.001852979650720954,0.8732897639274597,0.1717345416545868,0.2990609109401703,1
bottle,OFT_UNet,0.45,7.5,0.026724612340331078,0.002261637942865491,0.8823297023773193,0.15807704627513885,0.32626429200172424,1
bottle,OFT_UNet,0.45,7.5,0.02628256194293499,0.0021014802623540163,0.8943783640861511,0.16483929753303528,0.13032732903957367,1
bottle,OFT_UNet,0.45,7.5,0.028827926144003868,0.002316463738679886,0.8528448939323425,0.1866692304611206,0.10605517029762268,1
bottle,OFT_UNet,0.45,7.5,0.026301205158233643,0.0022284919396042824,0.8937646746635437,0.159942626953125,0.31275802850723267,1
bottle,OFT_UNet,0.45,7.5,0.026990801095962524,0.002277844585478306,0.8736017942428589,0.17011845111846924,0.2830400764942169,1
bottle,OFT_UNet,0.45,7.5,0.028932735323905945,0.0024297505151480436,0.8584423065185547,0.19353942573070526,0.1235666498541832,1
bottle,OFT_UNet,0.45,7.5,0.027131300419569016,0.002269376302137971,0.8668475151062012,0.18611033260822296,0.21373139321804047,1
bottle,OFT_UNet,0.45,7.5,0.029525524005293846,0.002609929768368602,0.8553966283798218,0.19353748857975006,0.17712737619876862,1
bottle,OFT_UNet,0.45,7.5,0.02864265814423561,0.0022930498234927654,0.8523164987564087,0.19450676441192627,0.11464863270521164,1
bottle,OFT_UNet,0.45,7.5,0.024979349225759506,0.001924425712786615,0.9089815020561218,0.14423297345638275,0.19009214639663696,1
bottle,OFT_UNet,0.45,7.5,0.0276572834700346,0.0025696514640003443,0.8926889896392822,0.15203821659088135,0.2841453552246094,1
bottle,OFT_UNet,0.45,7.5,0.029925797134637833,0.0033345806878060102,0.8656800985336304,0.16423779726028442,0.3811209499835968,1
bottle,OFT_UNet,0.45,7.5,0.02965865284204483,0.003267730353400111,0.8733198046684265,0.16054894030094147,0.31751224398612976,1
bottle,OFT_UNet,0.45,7.5,0.02873018942773342,0.0027806791476905346,0.8952493667602539,0.15977799892425537,0.12815088033676147,1
bottle,OFT_UNet,0.45,7.5,0.024002602323889732,0.0016476898454129696,0.9045782089233398,0.1496189385652542,0.10335637629032135,1
bottle,OFT_UNet,0.45,7.5,0.027283085510134697,0.0024054180830717087,0.8890666365623474,0.1587945818901062,0.2880055904388428,1
bottle,OFT_UNet,0.45,7.5,0.025400124490261078,0.002109522931277752,0.9039046168327332,0.14749091863632202,0.3535466194152832,1
bottle,OFT_UNet,0.45,7.5,0.026809310540556908,0.001907947240397334,0.8762111663818359,0.16802948713302612,0.06531217694282532,1
bottle,OFT_UNet,0.45,7.5,0.026821911334991455,0.0024019419215619564,0.892687976360321,0.14555726945400238,0.2860407829284668,1
bottle,OFT_UNet,0.45,7.5,0.02807781472802162,0.002881411463022232,0.8924683928489685,0.15306884050369263,0.4484076499938965,1
bottle,OFT_UNet,0.45,7.5,0.02779163420200348,0.0026263869367539883,0.8885127305984497,0.15571379661560059,0.3142549693584442,1
bottle,OFT_UNet,0.45,7.5,0.028674177825450897,0.002628533635288477,0.8822423219680786,0.1637348234653473,0.1519216001033783,1
bottle,OFT_UNet,0.45,7.5,0.025063134729862213,0.001813882845453918,0.9008890390396118,0.13964739441871643,0.1261892318725586,1
bottle,OFT_UNet,0.45,7.5,0.024910252541303635,0.0019722774159163237,0.8987197875976562,0.13732749223709106,0.1958325207233429,1
bottle,OFT_UNet,0.45,7.5,0.02527027577161789,0.0017597244586795568,0.8986525535583496,0.1627504527568817,0.12476024031639099,1
bottle,OFT_UNet,0.45,7.5,0.026080412790179253,0.0021800047252327204,0.8914274573326111,0.1492554396390915,0.2145398110151291,1
bottle,OFT_UNet,0.45,7.5,0.0273106899112463,0.002332366071641445,0.9043001532554626,0.15095111727714539,0.12318394333124161,1
bottle,OFT_UNet,0.45,7.5,0.027891144156455994,0.0027134991250932217,0.8975003957748413,0.15860038995742798,0.1556376963853836,1
bottle,OFT_UNet,0.45,7.5,0.02556396648287773,0.0021868362091481686,0.885271430015564,0.15783323347568512,0.2945363223552704,1
bottle,OFT_UNet,0.45,7.5,0.028835739940404892,0.0032123213168233633,0.8675671815872192,0.16512757539749146,0.35673224925994873,1
bottle,OFT_UNet,0.45,7.5,0.02712094411253929,0.0025714291259646416,0.8966934680938721,0.14933204650878906,0.3843691945075989,1
bottle,OFT_UNet,0.45,7.5,0.023033007979393005,0.001229344168677926,0.9019486904144287,0.1530941128730774,0.10945918411016464,1
bottle,OFT_UNet,0.45,7.5,0.023833876475691795,0.0013498873449862003,0.896776556968689,0.15116414427757263,0.12496675550937653,1
bottle,OFT_UNet,0.45,7.5,0.024230878800153732,0.0014882292598485947,0.9122321009635925,0.14256910979747772,0.0959642231464386,1
bottle,OFT_UNet,0.45,7.5,0.02527703158557415,0.0018588530365377665,0.9014410972595215,0.14669950306415558,0.14334069192409515,1
bottle,OFT_UNet,0.45,7.5,0.02489405684173107,0.0016149971634149551,0.909777820110321,0.14671604335308075,0.0536387600004673,1
bottle,OFT_UNet,0.45,7.5,0.027843549847602844,0.0019125391263514757,0.8842694163322449,0.16459068655967712,0.06962309777736664,1
bottle,OFT_UNet,0.45,7.5,0.028676211833953857,0.002101913560181856,0.8740546703338623,0.15710678696632385,0.13589611649513245,1
bottle,OFT_UNet,0.45,7.5,0.029487047344446182,0.0029993075877428055,0.8808932304382324,0.17906367778778076,0.17589665949344635,1
bottle,OFT_UNet,0.45,7.5,0.026016902178525925,0.001424379413947463,0.8532997965812683,0.15953604876995087,0.09882248938083649,1
bottle,OFT_UNet,0.45,7.5,0.02531752735376358,0.0016108492854982615,0.8834961652755737,0.15974077582359314,0.1007888913154602,1
bottle,OFT_UNet,0.45,7.5,0.02716676890850067,0.0016157766804099083,0.8794061541557312,0.1574818193912506,0.0648605078458786,1
bottle,OFT_UNet,0.45,7.5,0.0272214412689209,0.0017752874409779906,0.8850681185722351,0.15474990010261536,0.15075385570526123,1
bottle,OFT_UNet,0.45,7.5,0.02782522700726986,0.001820908859372139,0.8661372661590576,0.15980201959609985,0.06843096017837524,1
bottle,OFT_UNet,0.45,7.5,0.026882894337177277,0.0018276761984452605,0.8843764066696167,0.16672825813293457,0.08967312425374985,1
bottle,OFT_UNet,0.45,7.5,0.02589431032538414,0.0018338894005864859,0.9050335884094238,0.15362533926963806,0.13120003044605255,1
bottle,OFT_UNet,0.45,7.5,0.02595224604010582,0.0016198130324482918,0.8835529685020447,0.15223073959350586,0.11649611592292786,1
bottle,OFT_UNet,0.45,7.5,0.027529772371053696,0.001992129487916827,0.8861532211303711,0.16364724934101105,0.11651882529258728,1
bottle,OFT_UNet,0.45,7.5,0.028671666979789734,0.0023788181133568287,0.8740261793136597,0.17506377398967743,0.1852717101573944,1
bottle,OFT_UNet,0.45,7.5,0.026937443763017654,0.0026553254574537277,0.9073524475097656,0.1495475322008133,0.20418132841587067,1
bottle,OFT_UNet,0.45,7.5,0.025586631149053574,0.0017398837953805923,0.9088937640190125,0.1434239149093628,0.1101047545671463,1
bottle,OFT_UNet,0.45,7.5,0.028546016663312912,0.002032861113548279,0.8652186393737793,0.16383080184459686,0.15664224326610565,1
bottle,OFT_UNet,0.45,7.5,0.025936949998140335,0.0020861548837274313,0.9103406667709351,0.14081928133964539,0.15705834329128265,0
bottle,OFT_UNet,0.45,7.5,0.024609122425317764,0.0017347935354337096,0.9178351759910583,0.1395028978586197,0.1398898959159851,0
bottle,OFT_UNet,0.45,7.5,0.026935603469610214,0.001972360536456108,0.9135438799858093,0.14003896713256836,0.0804426297545433,0
bottle,OFT_UNet,0.45,7.5,0.02522723749279976,0.0018381610279902816,0.9204978346824646,0.13472653925418854,0.13553225994110107,0
bottle,OFT_UNet,0.45,7.5,0.025073131546378136,0.001850212225690484,0.9147212505340576,0.14101487398147583,0.12487480789422989,0
bottle,OFT_UNet,0.45,7.5,0.02405531331896782,0.0015396035742014647,0.9189607501029968,0.13644695281982422,0.06831887364387512,0
bottle,OFT_UNet,0.45,7.5,0.02770005166530609,0.0024076695553958416,0.8954904079437256,0.14549556374549866,0.19133126735687256,0
bottle,OFT_UNet,0.45,7.5,0.02584490180015564,0.0017419330542907119,0.9096726179122925,0.1351865828037262,0.09384835511445999,0
bottle,OFT_UNet,0.45,7.5,0.025081245228648186,0.0017172489315271378,0.9231208562850952,0.13763543963432312,0.10938525944948196,0
bottle,OFT_UNet,0.45,7.5,0.023978155106306076,0.0015034095849841833,0.9235460758209229,0.14189192652702332,0.11137094348669052,0
bottle,OFT_UNet,0.45,7.5,0.025058861821889877,0.0017541095148772001,0.9148426055908203,0.13166889548301697,0.13017939031124115,0
bottle,OFT_UNet,0.45,7.5,0.026230033487081528,0.001893053762614727,0.9087022542953491,0.14013946056365967,0.09353942424058914,0
bottle,OFT_UNet,0.45,7.5,0.026088077574968338,0.0017912739422172308,0.9011857509613037,0.15429405868053436,0.10494080185890198,0
bottle,OFT_UNet,0.45,7.5,0.027476023882627487,0.0023241115268319845,0.8995254039764404,0.1476348638534546,0.14626502990722656,0
bottle,OFT_UNet,0.45,7.5,0.026754003018140793,0.0018939604051411152,0.9102869033813477,0.14361070096492767,0.06907340884208679,0
bottle,OFT_UNet,0.45,7.5,0.024650495499372482,0.001550402957946062,0.9080849885940552,0.14172537624835968,0.09665770083665848,0
bottle,OFT_UNet,0.45,7.5,0.024835970252752304,0.0016895830631256104,0.9133744239807129,0.14048364758491516,0.09916532784700394,0
bottle,OFT_UNet,0.45,7.5,0.02435094676911831,0.0015740771777927876,0.9189974665641785,0.1377975195646286,0.12779606878757477,0
bottle,OFT_UNet,0.45,7.5,0.024836700409650803,0.0015750729944556952,0.9051705598831177,0.15111401677131653,0.09802766889333725,0
bottle,OFT_UNet,0.45,7.5,0.026918798685073853,0.0018192222341895103,0.9121147990226746,0.1376292109489441,0.06198393553495407,0
