L1,L2,Max_Patch,MS_SSIM,LPIPS,Category,Label,Split,Filename
0.022981826215982437,0.0012994444696232677,0.06865029036998749,0.9312765598297119,0.12091565132141113,bottle,0,Train,bottle_001.png
0.02281470224261284,0.0012915979605168104,0.08595144003629684,0.9383052587509155,0.11546486616134644,bottle,0,Train,bottle_002.png
0.024144431576132774,0.001559527008794248,0.21189910173416138,0.9212486743927002,0.12253469973802567,bottle,0,Train,bottle_003.png
0.024209201335906982,0.0015819831751286983,0.08417772501707077,0.9248327612876892,0.12639456987380981,bottle,0,Train,bottle_004.png
0.023770665749907494,0.0014892638428136706,0.08984865993261337,0.9361337423324585,0.12262086570262909,bottle,0,Train,bottle_005.png
0.022501453757286072,0.0012023753952234983,0.0899973139166832,0.936900794506073,0.12337129563093185,bottle,0,Train,bottle_006.png
0.02322181686758995,0.0013550976291298866,0.07408715784549713,0.9255876541137695,0.12259294092655182,bottle,0,Train,bottle_007.png
0.023434363305568695,0.0013876750599592924,0.10636837035417557,0.9311779737472534,0.1229502335190773,bottle,0,Train,bottle_008.png
0.023159591481089592,0.0014027318684384227,0.07616591453552246,0.9310266971588135,0.11997176706790924,bottle,0,Train,bottle_009.png
0.022576993331313133,0.0013690346386283636,0.13792896270751953,0.9331855773925781,0.1182568147778511,bottle,0,Train,bottle_010.png
0.02292303554713726,0.0014394214376807213,0.09085745364427567,0.9344074726104736,0.11817509680986404,bottle,0,Train,bottle_011.png
0.02350262925028801,0.0014678621664643288,0.10598640143871307,0.9304417371749878,0.11869743466377258,bottle,0,Train,bottle_012.png
0.023231565952301025,0.0014636870473623276,0.12628796696662903,0.9305828809738159,0.11314509809017181,bottle,0,Train,bottle_013.png
0.023826217278838158,0.001494069118052721,0.2085396647453308,0.9308887720108032,0.12220112979412079,bottle,0,Train,bottle_014.png
0.0232181828469038,0.001384573057293892,0.07735848426818848,0.9373120665550232,0.11897853761911392,bottle,0,Train,bottle_015.png
0.022875433787703514,0.0012911696685478091,0.09052400290966034,0.9313279986381531,0.12411729991436005,bottle,0,Train,bottle_016.png
0.022463148459792137,0.0012589143589138985,0.057879284024238586,0.9364306330680847,0.12101700901985168,bottle,0,Train,bottle_017.png
0.022859476506710052,0.0013666290324181318,0.1554240733385086,0.9430069923400879,0.11626935750246048,bottle,0,Train,bottle_018.png
0.022344043478369713,0.0012614389415830374,0.08277364075183868,0.9363322257995605,0.11749248206615448,bottle,0,Train,bottle_019.png
0.02340715192258358,0.0014258879236876965,0.08388431370258331,0.9313809275627136,0.12312284857034683,bottle,0,Train,bottle_020.png
0.023309770971536636,0.0013699864502996206,0.0850151926279068,0.9320456385612488,0.11778915673494339,bottle,0,Train,bottle_021.png
0.023302674293518066,0.001407272182404995,0.07802899181842804,0.9408771395683289,0.11797748506069183,bottle,0,Train,bottle_022.png
0.02360466867685318,0.001509462483227253,0.09032830595970154,0.9280552864074707,0.12665176391601562,bottle,0,Train,bottle_023.png
0.022366732358932495,0.0012702255044132471,0.09483113139867783,0.9338502287864685,0.11885867267847061,bottle,0,Train,bottle_024.png
0.023893987759947777,0.001425587572157383,0.0764446035027504,0.9295719861984253,0.11840127408504486,bottle,0,Train,bottle_025.png
0.022558510303497314,0.0013057602336630225,0.12008515745401382,0.934072732925415,0.12641006708145142,bottle,0,Train,bottle_026.png
0.023097112774848938,0.0013801136519759893,0.13009126484394073,0.9305452108383179,0.12096317857503891,bottle,0,Train,bottle_027.png
0.022013461217284203,0.0011316853342577815,0.07488426566123962,0.9342264533042908,0.12094179540872574,bottle,0,Train,bottle_028.png
0.02393670752644539,0.0014680972089990973,0.06137946993112564,0.9301835894584656,0.1199483722448349,bottle,0,Train,bottle_029.png
0.023346245288848877,0.0013775702100247145,0.15914036333560944,0.9287179708480835,0.12285495549440384,bottle,0,Train,bottle_030.png
0.022790178656578064,0.0012928612995892763,0.06889704614877701,0.9326550364494324,0.11637058109045029,bottle,0,Train,bottle_031.png
0.02254103124141693,0.0012781606055796146,0.0966506376862526,0.9371854066848755,0.1149115189909935,bottle,0,Train,bottle_032.png
0.022010046988725662,0.001120846951380372,0.09054955095052719,0.9372100830078125,0.1227010115981102,bottle,0,Train,bottle_033.png
0.023029586300253868,0.0014214813709259033,0.10441658645868301,0.9355273246765137,0.12272746860980988,bottle,0,Train,bottle_034.png
0.022164320573210716,0.0012148766545578837,0.060072384774684906,0.9332997798919678,0.1236254870891571,bottle,0,Train,bottle_035.png
0.02497228980064392,0.0017331941053271294,0.14833010733127594,0.9311491847038269,0.12450914084911346,bottle,0,Train,bottle_036.png
0.023030489683151245,0.0012885709293186665,0.07575704902410507,0.9343394041061401,0.12090609222650528,bottle,0,Train,bottle_037.png
0.022587787359952927,0.0012806286104023457,0.06646193563938141,0.9332008361816406,0.12342119961977005,bottle,0,Train,bottle_038.png
0.023405341431498528,0.0014142676955088973,0.07167528569698334,0.9289387464523315,0.11894413828849792,bottle,0,Train,bottle_039.png
0.022690799087285995,0.001262786565348506,0.06982287764549255,0.9356879591941833,0.12171836197376251,bottle,0,Train,bottle_040.png
0.022828681394457817,0.0013442201307043433,0.09695374965667725,0.9366766810417175,0.1227768138051033,bottle,0,Train,bottle_041.png
0.022626658901572227,0.0013225567527115345,0.0735030248761177,0.9323698282241821,0.11954493820667267,bottle,0,Train,bottle_042.png
0.022399868816137314,0.001202722080051899,0.055539269000291824,0.9359836578369141,0.12470747530460358,bottle,0,Train,bottle_043.png
0.024498989805579185,0.001526189735159278,0.07537742704153061,0.9209010601043701,0.131926491856575,bottle,0,Train,bottle_044.png
0.022423943504691124,0.0011812930461019278,0.0854591578245163,0.9395734667778015,0.11340120434761047,bottle,0,Train,bottle_045.png
0.02306278608739376,0.0013522593071684241,0.07449451833963394,0.9248660802841187,0.12516339123249054,bottle,0,Train,bottle_046.png
0.02285369299352169,0.0013092163717374206,0.09596063941717148,0.9263622164726257,0.12805412709712982,bottle,0,Train,bottle_047.png
0.023500174283981323,0.0013719231355935335,0.07120227068662643,0.9220504760742188,0.12696856260299683,bottle,0,Train,bottle_048.png
0.023195546120405197,0.0013789742952212691,0.07050209492444992,0.9350335001945496,0.12115701287984848,bottle,0,Train,bottle_049.png
0.023274824023246765,0.0013801524182781577,0.09141800552606583,0.9316740036010742,0.12454153597354889,bottle,0,Train,bottle_050.png
0.022558383643627167,0.001287695369683206,0.08068530261516571,0.9380504488945007,0.12243256717920303,bottle,0,Train,bottle_051.png
0.02260332927107811,0.001247664913535118,0.09005244076251984,0.9360718727111816,0.11963380873203278,bottle,0,Train,bottle_052.png
0.023185018450021744,0.001408119685947895,0.06906212866306305,0.9340395331382751,0.11493801325559616,bottle,0,Train,bottle_053.png
0.023002561181783676,0.0012751275207847357,0.06096338480710983,0.9297415614128113,0.1276317834854126,bottle,0,Train,bottle_054.png
0.022310778498649597,0.0012302419636398554,0.08479423820972443,0.9356343746185303,0.11865131556987762,bottle,0,Train,bottle_055.png
0.02556355856359005,0.0016465329099446535,0.05832076072692871,0.9226595759391785,0.12456036359071732,bottle,0,Train,bottle_056.png
0.023885829374194145,0.0014965597074478865,0.062121111899614334,0.9257657527923584,0.127479687333107,bottle,0,Train,bottle_057.png
0.022809941321611404,0.0013115741312503815,0.06913074851036072,0.9334036707878113,0.12086132168769836,bottle,0,Train,bottle_058.png
0.02204771898686886,0.0012017970439046621,0.05454038083553314,0.9311543703079224,0.12485489249229431,bottle,0,Train,bottle_059.png
0.022795572876930237,0.001332480227574706,0.10442399233579636,0.9363303184509277,0.11801491677761078,bottle,0,Train,bottle_060.png
0.023661505430936813,0.001436825841665268,0.07733793556690216,0.9278061389923096,0.1265101283788681,bottle,0,Train,bottle_061.png
0.023030530661344528,0.0013250800548121333,0.10570716857910156,0.9358002543449402,0.12098982185125351,bottle,0,Train,bottle_062.png
0.02284918539226055,0.00132594199385494,0.08296269178390503,0.9345011711120605,0.12562358379364014,bottle,0,Train,bottle_063.png
0.023631446063518524,0.0014395932666957378,0.08109691739082336,0.9298332929611206,0.12242688238620758,bottle,0,Train,bottle_064.png
0.024661770090460777,0.001621721312403679,0.07917501032352448,0.9222950339317322,0.12268146872520447,bottle,0,Train,bottle_065.png
0.022656043991446495,0.0012679777573794127,0.08403384685516357,0.9339312314987183,0.12499251216650009,bottle,0,Train,bottle_066.png
0.023308079689741135,0.0013646705774590373,0.14203642308712006,0.9304596185684204,0.12217744439840317,bottle,0,Train,bottle_067.png
0.023248296231031418,0.0014075033832341433,0.13878896832466125,0.9331592321395874,0.11605686694383621,bottle,0,Train,bottle_068.png
0.022985097020864487,0.0012766353320330381,0.07972825318574905,0.9375518560409546,0.11838649213314056,bottle,0,Train,bottle_069.png
0.023715879768133163,0.0015149014070630074,0.10550214350223541,0.9361498355865479,0.11768178641796112,bottle,0,Train,bottle_070.png
0.023998012766242027,0.0015432698419317603,0.09581989049911499,0.9329628348350525,0.11977621912956238,bottle,0,Train,bottle_071.png
0.023617397993803024,0.0014039588859304786,0.07570483535528183,0.9277042150497437,0.12533628940582275,bottle,0,Train,bottle_072.png
0.022326823323965073,0.0013006972149014473,0.07028782367706299,0.9344024658203125,0.1267872303724289,bottle,0,Train,bottle_073.png
0.02263634465634823,0.001264727208763361,0.07399134337902069,0.933708667755127,0.12923991680145264,bottle,0,Train,bottle_074.png
0.023633336648344994,0.0014064585557207465,0.13238991796970367,0.929250180721283,0.1245473250746727,bottle,0,Train,bottle_075.png
0.023410916328430176,0.0013435863656923175,0.06292314827442169,0.9325876235961914,0.12400281429290771,bottle,0,Train,bottle_076.png
0.02308841422200203,0.001290355809032917,0.06265709549188614,0.9322137236595154,0.12448832392692566,bottle,0,Train,bottle_077.png
0.022741790860891342,0.0013325846521183848,0.10398894548416138,0.9336097240447998,0.11843250691890717,bottle,0,Train,bottle_078.png
0.02343481406569481,0.0014046322321519256,0.11789331585168839,0.9405044913291931,0.11768652498722076,bottle,0,Train,bottle_079.png
0.022696634754538536,0.0012442376464605331,0.06335069984197617,0.929198682308197,0.12155769765377045,bottle,0,Train,bottle_080.png
0.02324535697698593,0.0014610309153795242,0.09067526459693909,0.9389934539794922,0.11999836564064026,bottle,0,Train,bottle_081.png
0.022793948650360107,0.0012965010246261954,0.10872477293014526,0.9322400093078613,0.12827879190444946,bottle,0,Train,bottle_082.png
0.023002255707979202,0.0013258864637464285,0.07494768500328064,0.9277498722076416,0.12561416625976562,bottle,0,Train,bottle_083.png
0.02393036149442196,0.0015585210639983416,0.06738647073507309,0.9346010088920593,0.11842793971300125,bottle,0,Train,bottle_084.png
0.022546302527189255,0.0012927280040457845,0.055269256234169006,0.9301077723503113,0.11967617273330688,bottle,0,Train,bottle_085.png
0.022806134074926376,0.0013633412308990955,0.08358024060726166,0.938027024269104,0.1188330352306366,bottle,0,Train,bottle_086.png
0.023277945816516876,0.0014759869081899524,0.09190861880779266,0.928381085395813,0.12063804268836975,bottle,0,Train,bottle_087.png
0.023583685979247093,0.0013983980752527714,0.07979682832956314,0.9290787577629089,0.12084314227104187,bottle,0,Train,bottle_088.png
0.024526413530111313,0.0016311516519635916,0.13972152769565582,0.921183705329895,0.12915509939193726,bottle,0,Train,bottle_089.png
0.02349349483847618,0.0013548589777201414,0.07928363978862762,0.9281032085418701,0.12132267653942108,bottle,0,Train,bottle_090.png
0.0238121896982193,0.0014206110499799252,0.0829814225435257,0.9330294132232666,0.1249031126499176,bottle,0,Train,bottle_091.png
0.023242637515068054,0.0013957081828266382,0.11607315391302109,0.9395078420639038,0.11298137903213501,bottle,0,Train,bottle_092.png
0.022829320281744003,0.001358953071758151,0.15183308720588684,0.9339475631713867,0.12178875505924225,bottle,0,Train,bottle_093.png
0.022822177037596703,0.0012890102807432413,0.10396313667297363,0.9338164329528809,0.1172708123922348,bottle,0,Train,bottle_094.png
0.022444970905780792,0.0012640119530260563,0.08526471257209778,0.9381041526794434,0.11820804327726364,bottle,0,Train,bottle_095.png
0.02410336211323738,0.001422043307684362,0.12958449125289917,0.9311151504516602,0.12484851479530334,bottle,0,Train,bottle_096.png
0.023369548842310905,0.0013626788277179003,0.06943675875663757,0.9363330602645874,0.11514125764369965,bottle,0,Train,bottle_097.png
0.02271222695708275,0.0012731549795717,0.09566710889339447,0.9298073649406433,0.11880560219287872,bottle,0,Train,bottle_098.png
0.022779230028390884,0.0013105974067002535,0.08002214878797531,0.9257211089134216,0.12618082761764526,bottle,0,Train,bottle_099.png
0.0235569030046463,0.0013873809948563576,0.09207630157470703,0.924046516418457,0.12200920283794403,bottle,0,Train,bottle_100.png
0.022269129753112793,0.0012406317982822657,0.11178804188966751,0.9361612200737,0.12095493078231812,bottle,0,Train,bottle_101.png
0.02369014173746109,0.0014269262319430709,0.11939296126365662,0.9290012717247009,0.12523378431797028,bottle,0,Train,bottle_102.png
0.023257151246070862,0.0014270422980189323,0.09499698132276535,0.9296020865440369,0.1258336752653122,bottle,0,Train,bottle_103.png
0.022499818354845047,0.0013401168398559093,0.08466070145368576,0.9354813098907471,0.12161991745233536,bottle,0,Train,bottle_104.png
0.023517906665802002,0.0014336835592985153,0.1168191209435463,0.9308887720108032,0.12398449331521988,bottle,0,Train,bottle_105.png
0.02258579060435295,0.0012696785852313042,0.0805874615907669,0.9372333884239197,0.11791421473026276,bottle,0,Train,bottle_106.png
0.022550946101546288,0.0012294250773265958,0.06413546949625015,0.9325515627861023,0.117753766477108,bottle,0,Train,bottle_107.png
0.023178130388259888,0.0013166008284315467,0.1009862944483757,0.9320224523544312,0.12530910968780518,bottle,0,Train,bottle_108.png
0.02369638904929161,0.001444416120648384,0.09094610065221786,0.9271906614303589,0.11561299860477448,bottle,0,Train,bottle_109.png
0.022099610418081284,0.0011932002380490303,0.07323805242776871,0.9327454566955566,0.11843480914831161,bottle,0,Train,bottle_110.png
0.023353785276412964,0.0013147967401891947,0.07859694957733154,0.9396839141845703,0.11812977492809296,bottle,0,Train,bottle_111.png
0.022869369015097618,0.0013316364493221045,0.07572045177221298,0.9307309985160828,0.12067265808582306,bottle,0,Train,bottle_112.png
0.022832948714494705,0.0013194286730140448,0.07439174503087997,0.9348737001419067,0.12381210923194885,bottle,0,Train,bottle_113.png
0.02325901761651039,0.0013594634365290403,0.11472264677286148,0.9354252219200134,0.11902405321598053,bottle,0,Train,bottle_114.png
0.021939825266599655,0.001253269612789154,0.06701058149337769,0.938666045665741,0.11850317567586899,bottle,0,Train,bottle_115.png
0.02275678515434265,0.0012886044569313526,0.1428370177745819,0.9288217425346375,0.12218540906906128,bottle,0,Train,bottle_116.png
0.02331176958978176,0.0013969761785119772,0.10203703492879868,0.9284955859184265,0.13031673431396484,bottle,0,Train,bottle_117.png
0.022892769426107407,0.0013020613696426153,0.07083634287118912,0.937288761138916,0.12079253047704697,bottle,0,Train,bottle_118.png
0.023642677813768387,0.001456742873415351,0.12498653680086136,0.9305464029312134,0.12688009440898895,bottle,0,Train,bottle_119.png
0.022550417110323906,0.0012408349430188537,0.09063652157783508,0.9345303773880005,0.1256738007068634,bottle,0,Train,bottle_120.png
0.02327234297990799,0.0014026708668097854,0.06526419520378113,0.9372529983520508,0.11820279061794281,bottle,0,Train,bottle_121.png
0.02299942634999752,0.0014225440099835396,0.10302955657243729,0.9321184158325195,0.1168213039636612,bottle,0,Train,bottle_122.png
0.023182079195976257,0.0014210494700819254,0.11433599889278412,0.9317888021469116,0.11958237737417221,bottle,0,Train,bottle_123.png
0.02261274866759777,0.0013133874163031578,0.06172306090593338,0.942273736000061,0.11801040917634964,bottle,0,Train,bottle_124.png
0.02324935793876648,0.0013758959248661995,0.0836208239197731,0.9321167469024658,0.12241079658269882,bottle,0,Train,bottle_125.png
0.023079033941030502,0.0013826999347656965,0.09653675556182861,0.9369751214981079,0.11412109434604645,bottle,0,Train,bottle_126.png
0.022081462666392326,0.0012154476717114449,0.059351030737161636,0.9381238222122192,0.11625851690769196,bottle,0,Train,bottle_127.png
0.02454886958003044,0.0015307329595088959,0.06134910508990288,0.9291439056396484,0.12688720226287842,bottle,0,Train,bottle_128.png
0.023577367886900902,0.0014932806370779872,0.12205234169960022,0.924492359161377,0.12818306684494019,bottle,0,Train,bottle_129.png
0.02279418706893921,0.0013678621035069227,0.07104499638080597,0.9372662901878357,0.12455551326274872,bottle,0,Train,bottle_130.png
0.02334604784846306,0.001409450895152986,0.07126012444496155,0.9386526942253113,0.11906184256076813,bottle,0,Train,bottle_131.png
0.022612154483795166,0.0013038525357842445,0.1345681995153427,0.928490161895752,0.12210097908973694,bottle,0,Train,bottle_132.png
0.02357006072998047,0.0014397064223885536,0.07396549731492996,0.919258713722229,0.12771350145339966,bottle,0,Train,bottle_133.png
0.023061206564307213,0.0015562772750854492,0.11782453209161758,0.9350177645683289,0.11735838651657104,bottle,0,Train,bottle_134.png
0.02268139272928238,0.001230143359862268,0.05742203816771507,0.9267810583114624,0.12042360007762909,bottle,0,Train,bottle_135.png
0.023196620866656303,0.0014319190522655845,0.07643812894821167,0.9305545687675476,0.12221498787403107,bottle,0,Train,bottle_136.png
0.022455494850873947,0.001289890380576253,0.07446413487195969,0.9346433877944946,0.1209271252155304,bottle,0,Train,bottle_137.png
0.02369154989719391,0.0014423213433474302,0.10318692773580551,0.9289449453353882,0.12384038418531418,bottle,0,Train,bottle_138.png
0.022828906774520874,0.001465238630771637,0.08408825099468231,0.9324749708175659,0.11990997195243835,bottle,0,Train,bottle_139.png
0.0230496134608984,0.0012956494465470314,0.10380197316408157,0.9327349662780762,0.11691999435424805,bottle,0,Train,bottle_140.png
0.022912567481398582,0.0013274716911837459,0.11302337795495987,0.9339207410812378,0.12262092530727386,bottle,0,Train,bottle_141.png
0.02268954925239086,0.0012795829679816961,0.13438959419727325,0.9311245679855347,0.12196074426174164,bottle,0,Train,bottle_142.png
0.023946058005094528,0.0014785070670768619,0.08107690513134003,0.9275697469711304,0.12772823870182037,bottle,0,Train,bottle_143.png
0.023232348263263702,0.0013727573677897453,0.07409168779850006,0.9369493722915649,0.11378508806228638,bottle,0,Train,bottle_144.png
0.024477612227201462,0.001602979376912117,0.08751979470252991,0.915378212928772,0.12610703706741333,bottle,0,Train,bottle_145.png
0.022398388013243675,0.0013061276404187083,0.06584319472312927,0.935810923576355,0.1211567297577858,bottle,0,Train,bottle_146.png
0.023162757977843285,0.0014105383306741714,0.0687645748257637,0.938879668712616,0.12366292625665665,bottle,0,Train,bottle_147.png
0.024175386875867844,0.0015495902625843883,0.09488791227340698,0.9306775331497192,0.12309124320745468,bottle,0,Train,bottle_148.png
0.022731512784957886,0.0013681934215128422,0.0682215541601181,0.92533278465271,0.12861643731594086,bottle,0,Train,bottle_149.png
0.022698242217302322,0.0013695040252059698,0.13479013741016388,0.9344735145568848,0.11846259236335754,bottle,0,Train,bottle_150.png
0.023091500625014305,0.0013926399406045675,0.09164827316999435,0.9304177761077881,0.12464822083711624,bottle,0,Train,bottle_151.png
0.022945478558540344,0.001332220621407032,0.08009687066078186,0.9299980998039246,0.1318211704492569,bottle,0,Train,bottle_152.png
0.02286883257329464,0.0013015617150813341,0.062325794249773026,0.935684084892273,0.12157431244850159,bottle,0,Train,bottle_153.png
0.023278310894966125,0.0013573430478572845,0.09058953076601028,0.9237291216850281,0.12507203221321106,bottle,0,Train,bottle_154.png
0.023448839783668518,0.0014019173104315996,0.05523630976676941,0.9310159087181091,0.12732134759426117,bottle,0,Train,bottle_155.png
0.023616790771484375,0.0014710251707583666,0.10620493441820145,0.923392653465271,0.12460039556026459,bottle,0,Train,bottle_156.png
0.023080190643668175,0.001350176753476262,0.0764487236738205,0.9241566061973572,0.12129545956850052,bottle,0,Train,bottle_157.png
0.023644790053367615,0.0015328516019508243,0.10518700629472733,0.9318896532058716,0.12105556577444077,bottle,0,Train,bottle_158.png
0.02289295196533203,0.0013337116688489914,0.10601647198200226,0.9229483008384705,0.12109768390655518,bottle,0,Train,bottle_159.png
0.023347554728388786,0.0014428490540012717,0.06565297394990921,0.9355123043060303,0.1204313188791275,bottle,0,Train,bottle_160.png
0.023150905966758728,0.0014474715571850538,0.09579138457775116,0.9340027570724487,0.11606783419847488,bottle,0,Train,bottle_161.png
0.023021768778562546,0.0014225500635802746,0.08232085406780243,0.9312562942504883,0.12089988589286804,bottle,0,Train,bottle_162.png
0.02456594631075859,0.0016617616638541222,0.1099688708782196,0.930324912071228,0.11989662051200867,bottle,0,Train,bottle_163.png
0.023028165102005005,0.0013447896344587207,0.059471361339092255,0.9356402158737183,0.11339021474123001,bottle,0,Train,bottle_164.png
0.022989844903349876,0.0014472565380856395,0.10114727914333344,0.9346476793289185,0.11935736238956451,bottle,0,Train,bottle_165.png
0.023181375116109848,0.00148016307502985,0.08361992239952087,0.9361648559570312,0.12232328951358795,bottle,0,Train,bottle_166.png
0.023927023634314537,0.001436448423191905,0.062478791922330856,0.9238756895065308,0.12959355115890503,bottle,0,Train,bottle_167.png
0.022262468934059143,0.0013124654069542885,0.07821721583604813,0.9355732798576355,0.11772559583187103,bottle,0,Train,bottle_168.png
0.02285056561231613,0.001278546522371471,0.06874343752861023,0.933292031288147,0.12154500186443329,bottle,0,Train,bottle_169.png
0.02404930256307125,0.0015499840956181288,0.12973250448703766,0.9236724376678467,0.12659594416618347,bottle,0,Train,bottle_170.png
0.024131884798407555,0.0015767923323437572,0.11459148675203323,0.9254686236381531,0.13032646477222443,bottle,0,Train,bottle_171.png
0.022702980786561966,0.0013319747522473335,0.09512601792812347,0.9405104517936707,0.11356517672538757,bottle,0,Train,bottle_172.png
0.0231713205575943,0.0014143221778795123,0.09432680904865265,0.9385222792625427,0.12017156183719635,bottle,0,Train,bottle_173.png
0.0232386477291584,0.0014069381868466735,0.08832808583974838,0.930120587348938,0.11985445767641068,bottle,0,Train,bottle_174.png
0.022609177976846695,0.0013544848188757896,0.07044794410467148,0.9355014562606812,0.1217552199959755,bottle,0,Train,bottle_175.png
0.02298021875321865,0.001470161136239767,0.11645732820034027,0.9315389394760132,0.12273216247558594,bottle,0,Train,bottle_176.png
0.02227964997291565,0.0012581136543303728,0.09978707879781723,0.9376863241195679,0.12032782286405563,bottle,0,Train,bottle_177.png
0.02279558777809143,0.0012943596811965108,0.07466931641101837,0.9346305131912231,0.1286439448595047,bottle,0,Train,bottle_178.png
0.022527430206537247,0.0013056903844699264,0.06417956948280334,0.9374338388442993,0.12091118842363358,bottle,0,Train,bottle_179.png
0.023105576634407043,0.0013693909859284759,0.08325190097093582,0.9296438097953796,0.12426144629716873,bottle,0,Train,bottle_180.png
0.022446658462285995,0.0012802773853763938,0.07109125703573227,0.9423501491546631,0.11905840784311295,bottle,0,Train,bottle_181.png
0.023473745211958885,0.0014400419313460588,0.07935835421085358,0.923973560333252,0.1207209974527359,bottle,0,Train,bottle_182.png
0.02276986464858055,0.0014665781054645777,0.07361241430044174,0.9306952357292175,0.11996282637119293,bottle,0,Train,bottle_183.png
0.023708373308181763,0.0014667923096567392,0.09698089957237244,0.9294726252555847,0.1233113706111908,bottle,0,Train,bottle_184.png
0.023101871833205223,0.001403986825607717,0.05395835265517235,0.9349479675292969,0.12026013433933258,bottle,0,Train,bottle_185.png
0.0224674791097641,0.0013496801257133484,0.09289228916168213,0.9315330386161804,0.12335335463285446,bottle,0,Train,bottle_186.png
0.024001318961381912,0.0016119781648740172,0.10701002925634384,0.9253758192062378,0.1216086894273758,bottle,0,Train,bottle_187.png
0.023383181542158127,0.0014201693702489138,0.08616150915622711,0.9238788485527039,0.12351275235414505,bottle,0,Train,bottle_188.png
0.023247450590133667,0.0014441534876823425,0.06889846920967102,0.9274551868438721,0.12641257047653198,bottle,0,Train,bottle_189.png
0.022776704281568527,0.0014040579553693533,0.09018300473690033,0.9319211840629578,0.11843077093362808,bottle,0,Train,bottle_190.png
0.023061824962496758,0.001369938487187028,0.07103495299816132,0.9238426089286804,0.12621955573558807,bottle,0,Train,bottle_191.png
0.022769464179873466,0.001386182731948793,0.06734602153301239,0.9340664148330688,0.1227828860282898,bottle,0,Train,bottle_192.png
0.02371019497513771,0.001513918163254857,0.051702823489904404,0.9245736002922058,0.12512651085853577,bottle,0,Train,bottle_193.png
0.02248626947402954,0.0013825800269842148,0.09177830070257187,0.9396154284477234,0.11736936867237091,bottle,0,Train,bottle_194.png
0.023020660504698753,0.001343801966868341,0.07306905835866928,0.9333381652832031,0.11926785111427307,bottle,0,Train,bottle_195.png
0.02347017079591751,0.001420450396835804,0.06269168108701706,0.9291085600852966,0.11750485002994537,bottle,0,Train,bottle_196.png
0.023025786504149437,0.0014337615575641394,0.10545878857374191,0.9297255277633667,0.12482071667909622,bottle,0,Train,bottle_197.png
0.023754678666591644,0.0015439726412296295,0.08520936220884323,0.925152063369751,0.12902556359767914,bottle,0,Train,bottle_198.png
0.02365919202566147,0.0015664049424231052,0.15216360986232758,0.929656982421875,0.12351202219724655,bottle,0,Train,bottle_199.png
0.022936925292015076,0.0013745275791734457,0.07354923337697983,0.9300260543823242,0.12161849439144135,bottle,0,Train,bottle_200.png
0.024116596207022667,0.001568811247125268,0.07522421330213547,0.9302948713302612,0.12228608131408691,bottle,0,Train,bottle_201.png
0.021962035447359085,0.0010987157002091408,0.04517168551683426,0.9332356452941895,0.12426882982254028,bottle,0,Train,bottle_202.png
0.023332130163908005,0.0014376328326761723,0.09973762184381485,0.9328354597091675,0.11420299112796783,bottle,0,Train,bottle_203.png
0.023601947352290154,0.001496366923674941,0.10310201346874237,0.9343447089195251,0.12192273885011673,bottle,0,Train,bottle_204.png
0.023200545459985733,0.0014368401607498527,0.06961792707443237,0.9388377070426941,0.11722542345523834,bottle,0,Train,bottle_205.png
0.02264936827123165,0.0012978024315088987,0.06228747218847275,0.9341733455657959,0.11864595860242844,bottle,0,Train,bottle_206.png
0.022597257047891617,0.0013193286722525954,0.10486571490764618,0.9285846948623657,0.12435393035411835,bottle,0,Train,bottle_207.png
0.024481628090143204,0.0016033865977078676,0.08225400745868683,0.9230186939239502,0.12306178361177444,bottle,0,Train,bottle_208.png
0.022705551236867905,0.0013649876927956939,0.14264711737632751,0.9340413808822632,0.12246431410312653,bottle,0,Train,bottle_209.png
0.02793768048286438,0.0020088255405426025,0.0590268149971962,0.8728041648864746,0.17919038236141205,bottle,1,Test,bottle_broken_large_0001.png
0.026025649160146713,0.0022248011082410812,0.3378921151161194,0.885291337966919,0.16972613334655762,bottle,1,Test,bottle_broken_large_0002.png
0.027250178158283234,0.0018767302390187979,0.10517006367444992,0.8512417078018188,0.1931518167257309,bottle,1,Test,bottle_broken_large_0003.png
0.0271645188331604,0.0017589216586202383,0.05472341552376747,0.862252950668335,0.22853970527648926,bottle,1,Test,bottle_broken_large_0004.png
0.02591267041862011,0.002195312874391675,0.13939794898033142,0.9097973704338074,0.13904917240142822,bottle,1,Test,bottle_broken_large_0005.png
0.027071675285696983,0.0021068777423352003,0.19785180687904358,0.896622359752655,0.14912955462932587,bottle,1,Test,bottle_broken_large_0006.png
0.026713093742728233,0.001928360085003078,0.11479117721319199,0.8837642669677734,0.18789640069007874,bottle,1,Test,bottle_broken_large_0007.png
0.025805652141571045,0.0017066181171685457,0.10318329930305481,0.8783855438232422,0.18968582153320312,bottle,1,Test,bottle_broken_large_0008.png
0.02794904075562954,0.002549088327214122,0.31742367148399353,0.8752284049987793,0.18201416730880737,bottle,1,Test,bottle_broken_large_0009.png
0.025981148704886436,0.001838898635469377,0.17923077940940857,0.890725314617157,0.15378165245056152,bottle,1,Test,bottle_broken_large_0010.png
0.024787794798612595,0.001651252619922161,0.20271112024784088,0.8867424726486206,0.16691282391548157,bottle,1,Test,bottle_broken_large_0011.png
0.026159703731536865,0.0021282550878822803,0.3302817642688751,0.8932454586029053,0.14958718419075012,bottle,1,Test,bottle_broken_large_0012.png
0.026669107377529144,0.0020396606996655464,0.12429676949977875,0.8994897603988647,0.15792976319789886,bottle,1,Test,bottle_broken_large_0013.png
0.028095141053199768,0.002062760293483734,0.08218932151794434,0.8645044565200806,0.18256525695323944,bottle,1,Test,bottle_broken_large_0014.png
0.025367043912410736,0.0019342697924003005,0.2560172379016876,0.9123770594596863,0.14170949161052704,bottle,1,Test,bottle_broken_large_0015.png
0.02561887726187706,0.001846891245804727,0.08702891319990158,0.898868978023529,0.1570320427417755,bottle,1,Test,bottle_broken_large_0016.png
0.02820594608783722,0.0022143961396068335,0.1167437881231308,0.8722559809684753,0.18082162737846375,bottle,1,Test,bottle_broken_large_0017.png
0.02573603391647339,0.0018850427586585283,0.0970306321978569,0.886760950088501,0.1742112934589386,bottle,1,Test,bottle_broken_large_0018.png
0.02805042825639248,0.002187445294111967,0.0819963738322258,0.8764470815658569,0.18227869272232056,bottle,1,Test,bottle_broken_large_0019.png
0.026551689952611923,0.0018846585880964994,0.09382831305265427,0.8806049227714539,0.17840459942817688,bottle,1,Test,bottle_broken_large_0020.png
0.024243604391813278,0.0017729320097714663,0.1665227711200714,0.9160233736038208,0.1300579011440277,bottle,1,Test,bottle_broken_small_0001.png
0.026668887585401535,0.0023843643721193075,0.25171732902526855,0.9038294553756714,0.13858196139335632,bottle,1,Test,bottle_broken_small_0002.png
0.028126975521445274,0.0029155383817851543,0.3241581320762634,0.8881759643554688,0.14891359210014343,bottle,1,Test,bottle_broken_small_0003.png
0.028009822592139244,0.0025109024718403816,0.17875955998897552,0.8943136930465698,0.15105769038200378,bottle,1,Test,bottle_broken_small_0004.png
0.026257669553160667,0.0021947105415165424,0.10596073418855667,0.9156453013420105,0.13691669702529907,bottle,1,Test,bottle_broken_small_0005.png
0.023328613489866257,0.0014818997588008642,0.07227009534835815,0.9165090322494507,0.13634109497070312,bottle,1,Test,bottle_broken_small_0006.png
0.02467912994325161,0.0017362053040415049,0.09093949943780899,0.9176740646362305,0.1400895118713379,bottle,1,Test,bottle_broken_small_0007.png
0.025477081537246704,0.001943299314007163,0.295535683631897,0.9106375575065613,0.13553717732429504,bottle,1,Test,bottle_broken_small_0008.png
0.026157958433032036,0.001774818985722959,0.06634822487831116,0.8903547525405884,0.15657183527946472,bottle,1,Test,bottle_broken_small_0009.png
0.02608174830675125,0.00208111759275198,0.23513296246528625,0.904900074005127,0.1363089680671692,bottle,1,Test,bottle_broken_small_0010.png
0.026785623282194138,0.0022824974730610847,0.20336996018886566,0.912545382976532,0.1347375363111496,bottle,1,Test,bottle_broken_small_0011.png
0.024371063336730003,0.0019240134861320257,0.23095598816871643,0.9167234897613525,0.13256117701530457,bottle,1,Test,bottle_broken_small_0012.png
0.027356252074241638,0.0023984310682862997,0.13586117327213287,0.8945969939231873,0.15714043378829956,bottle,1,Test,bottle_broken_small_0013.png
0.025401417165994644,0.001779777929186821,0.1177956685423851,0.9065828323364258,0.14038586616516113,bottle,1,Test,bottle_broken_small_0014.png
0.024487566202878952,0.0018010817002505064,0.12496218830347061,0.9161370992660522,0.1261090189218521,bottle,1,Test,bottle_broken_small_0015.png
0.024062104523181915,0.0015119569143280387,0.09474432468414307,0.9123648405075073,0.15301014482975006,bottle,1,Test,bottle_broken_small_0016.png
0.02420002780854702,0.001720290631055832,0.17181093990802765,0.9118028879165649,0.1391874998807907,bottle,1,Test,bottle_broken_small_0017.png
0.026573192328214645,0.0021206499077379704,0.09634511917829514,0.910698413848877,0.14298225939273834,bottle,1,Test,bottle_broken_small_0018.png
0.02697893977165222,0.0023378957994282246,0.1801115870475769,0.9078036546707153,0.14706048369407654,bottle,1,Test,bottle_broken_small_0019.png
0.02507399022579193,0.0019169308943673968,0.16961194574832916,0.902302622795105,0.1453273594379425,bottle,1,Test,bottle_broken_small_0020.png
0.026469185948371887,0.002191118896007538,0.15870538353919983,0.8954174518585205,0.14833703637123108,bottle,1,Test,bottle_broken_small_0021.png
0.02566603571176529,0.0022381842136383057,0.3160618543624878,0.9109280109405518,0.13458186388015747,bottle,1,Test,bottle_broken_small_0022.png
0.023173540830612183,0.0011750275734812021,0.05810137465596199,0.9080516695976257,0.14259633421897888,bottle,1,Test,bottle_contamination_0001.png
0.024237938225269318,0.0013806791976094246,0.11288819462060928,0.9028558731079102,0.14487655460834503,bottle,1,Test,bottle_contamination_0002.png
0.024751894176006317,0.0014944206923246384,0.06770172715187073,0.9206603765487671,0.13025636970996857,bottle,1,Test,bottle_contamination_0003.png
0.02431829273700714,0.0015512978425249457,0.08445794880390167,0.9175963401794434,0.1347101926803589,bottle,1,Test,bottle_contamination_0004.png
0.02380889654159546,0.0014538811519742012,0.06897589564323425,0.9225062727928162,0.1342349648475647,bottle,1,Test,bottle_contamination_0005.png
0.027302144095301628,0.0018066701013594866,0.07349927723407745,0.891331672668457,0.1530301421880722,bottle,1,Test,bottle_contamination_0006.png
0.02844325266778469,0.0019034701399505138,0.08711425960063934,0.8827022910118103,0.15169884264469147,bottle,1,Test,bottle_contamination_0007.png
0.02894452214241028,0.002639106474816799,0.12953580915927887,0.8882626891136169,0.16474595665931702,bottle,1,Test,bottle_contamination_0008.png
0.02497214637696743,0.0012975005665794015,0.09148803353309631,0.8781939744949341,0.15205970406532288,bottle,1,Test,bottle_contamination_0009.png
0.024166008457541466,0.0013879508478567004,0.04762057214975357,0.8987571001052856,0.15432772040367126,bottle,1,Test,bottle_contamination_0010.png
0.027546560391783714,0.001585494726896286,0.06196608766913414,0.88875812292099,0.15022018551826477,bottle,1,Test,bottle_contamination_0011.png
0.026884591206908226,0.0016337954439222813,0.1208597794175148,0.8882808089256287,0.15304355323314667,bottle,1,Test,bottle_contamination_0012.png
0.027025779709219933,0.0016900867922231555,0.06416120380163193,0.876197338104248,0.15119823813438416,bottle,1,Test,bottle_contamination_0013.png
0.025340016931295395,0.0016083305235952139,0.11359056085348129,0.9082061648368835,0.1513894945383072,bottle,1,Test,bottle_contamination_0014.png
0.025036131963133812,0.001755656092427671,0.13053500652313232,0.9168964624404907,0.1402236372232437,bottle,1,Test,bottle_contamination_0015.png
0.026315782219171524,0.0016663367860019207,0.08147074282169342,0.8880857229232788,0.14589948952198029,bottle,1,Test,bottle_contamination_0016.png
0.02569471299648285,0.001667156582698226,0.10684025287628174,0.9028434753417969,0.14439353346824646,bottle,1,Test,bottle_contamination_0017.png
0.027448467910289764,0.002044837223365903,0.14415855705738068,0.8858855962753296,0.1644054800271988,bottle,1,Test,bottle_contamination_0018.png
0.024423427879810333,0.0018628546968102455,0.13285325467586517,0.9263018369674683,0.13110820949077606,bottle,1,Test,bottle_contamination_0019.png
0.023636413738131523,0.001457445090636611,0.06754116714000702,0.9230026602745056,0.1252685934305191,bottle,1,Test,bottle_contamination_0020.png
0.027385776862502098,0.0016900015762075782,0.07558201253414154,0.8746945261955261,0.16568487882614136,bottle,1,Test,bottle_contamination_0021.png
0.023501886054873466,0.0015118991723284125,0.10194554924964905,0.9331907629966736,0.12161200493574142,bottle,0,Test,bottle_good_0001.png
0.023280654102563858,0.0014164142776280642,0.07086827605962753,0.9339267015457153,0.12339717149734497,bottle,0,Test,bottle_good_0002.png
0.025271644815802574,0.0017840213840827346,0.08886018395423889,0.9204167127609253,0.1298948973417282,bottle,0,Test,bottle_good_0003.png
0.02295495942234993,0.0014015454798936844,0.10317425429821014,0.9377832412719727,0.1217651516199112,bottle,0,Test,bottle_good_0004.png
0.02283509075641632,0.0014293415006250143,0.17911918461322784,0.9295756816864014,0.12451058626174927,bottle,0,Test,bottle_good_0005.png
0.022526811808347702,0.0013698585098609328,0.07068010419607162,0.9301289319992065,0.1231958419084549,bottle,0,Test,bottle_good_0006.png
0.024386752396821976,0.001666761003434658,0.13181817531585693,0.9211832880973816,0.12301525473594666,bottle,0,Test,bottle_good_0007.png
0.024567803367972374,0.001587508013471961,0.0934571921825409,0.9188545942306519,0.12705831229686737,bottle,0,Test,bottle_good_0008.png
0.023661619052290916,0.0014522820711135864,0.08355306088924408,0.936920166015625,0.11998501420021057,bottle,0,Test,bottle_good_0009.png
0.022973990067839622,0.0013581742532551289,0.06383654475212097,0.9343410730361938,0.1299186795949936,bottle,0,Test,bottle_good_0010.png
0.023895224556326866,0.0015492331003770232,0.09067066758871078,0.9271752238273621,0.1214502602815628,bottle,0,Test,bottle_good_0011.png
0.023982752114534378,0.0015931548550724983,0.1026545986533165,0.9258338809013367,0.12279195338487625,bottle,0,Test,bottle_good_0012.png
0.024479787796735764,0.0015013407682999969,0.05502239614725113,0.9181569814682007,0.1355818212032318,bottle,0,Test,bottle_good_0013.png
0.023240437731146812,0.0014242915203794837,0.06953366100788116,0.9286601543426514,0.12262147665023804,bottle,0,Test,bottle_good_0014.png
0.024810578674077988,0.0015868892660364509,0.05861694738268852,0.923680305480957,0.1282861977815628,bottle,0,Test,bottle_good_0015.png
0.02335129678249359,0.0013365003978833556,0.06964966654777527,0.9215925931930542,0.1315607875585556,bottle,0,Test,bottle_good_0016.png
0.024243777617812157,0.001513681374490261,0.05557246878743172,0.9220564365386963,0.12855057418346405,bottle,0,Test,bottle_good_0017.png
0.023944800719618797,0.0014860753435641527,0.0925104171037674,0.9267783164978027,0.12432991713285446,bottle,0,Test,bottle_good_0018.png
0.022896332666277885,0.0012955735437572002,0.06650666147470474,0.9272387027740479,0.12696228921413422,bottle,0,Test,bottle_good_0019.png
0.025624997913837433,0.0015457685803994536,0.04846706613898277,0.9276461005210876,0.1312149316072464,bottle,0,Test,bottle_good_0020.png
